date,score,recommendation,vix,rv,vp_ratio,rv_slope,vwap_slope,ts_label,range_pct,entry_pricing,exit_pricing,n_spreads_p1,risk_deployed_p1,pnl_p1_dollars,outcome_p1,add_tried,pnl_p2_dollars,outcome_p2,combined_pnl,budget_used_pct,wing_width,score_vol,score_regime,score_ts,pnl_at_300,pnl_at_330,pnl_at_345,hit_40_pnl,hit_45_pnl,hit_50_pnl,hit_40_time,hit_45_time,hit_50_time,ws_pnl,ws_time
2023-11-06,80,SKIP,15.32,10.0,1.533,STABLE,FLAT,FLAT,0.265,—,—,0,0,0,VP_CAP,False,0,—,0,0,0,30,20,12,,,,,,,,,,,
2023-11-07,72,GO,14.82,11.03,1.344,STABLE,FLAT,FLAT,0.338,LIVE,LIVE,13,31356.0,-8411.0,TIME_STOP,True,0,ADD_BLOCKED (FLAT/FALLING),-8411.0,31.4,40,22,20,12,0.43,-3.17,-5.47,,,,,,,,
2023-11-08,80,SKIP,14.54,8.17,1.78,STABLE,FLAT,FLAT,0.156,—,—,0,0,0,VP_CAP,False,0,—,0,0,0,30,20,12,,,,,,,,,,,
2023-11-09,65,SKIP,14.49,7.87,1.84,RISING,FLAT,FLAT,0.301,—,—,0,0,0,VP_CAP,False,0,—,0,0,0,15,20,12,,,,,,,,,,,
2023-11-10,69,SKIP,14.84,9.96,1.49,FALLING,FLAT,CONTANGO,0.303,—,—,0,0,0,ENV_BLOCK,False,0,—,0,0,0,27,20,4,,,,,,,,,,,
2023-11-13,72,SKIP,15.01,8.87,1.692,STABLE,FLAT,CONTANGO,0.291,—,—,0,0,0,VP_CAP,False,0,—,0,0,0,30,20,4,,,,,,,,,,,
2023-11-14,42,WAIT,14.25,11.92,1.195,FALLING,FLAT,CONTANGO,0.705,—,—,0,0,0,NO_TRADE,False,0,—,0,0,0,20,0,4,,,,,,,,,,,
2023-11-15,57,GO,14.11,12.84,1.099,STABLE,FLAT,CONTANGO,0.279,LIVE,LIVE,14,31220.0,11130.0,TARGET,True,0,ADD_BLOCKED (FLAT/FALLING),11130.0,31.2,40,15,20,4,,,,7.09,8.14,8.95,2023-11-15 13:23:00-05:00,2023-11-15 14:14:00-05:00,2023-11-15 14:17:00-05:00,,
2023-11-16,72,SKIP,13.77,8.36,1.647,FALLING,FLAT,CONTANGO,0.349,—,—,0,0,0,VP_CAP,False,0,—,0,0,0,30,20,4,,,,,,,,,,,
2023-11-17,72,SKIP,13.98,7.69,1.818,STABLE,FLAT,CONTANGO,0.263,—,—,0,0,0,VP_CAP,False,0,—,0,0,0,30,20,4,,,,,,,,,,,
2023-11-20,66,SKIP,13.77,8.28,1.662,STABLE,FLAT,CONTANGO,0.404,—,—,0,0,0,VP_CAP,False,0,—,0,0,0,30,14,4,,,,,,,,,,,
2023-11-21,72,SKIP,13.54,7.04,1.922,STABLE,FLAT,CONTANGO,0.131,—,—,0,0,0,VP_CAP,False,0,—,0,0,0,30,20,4,,,,,,,,,,,
2023-11-22,36,WAIT,13.07,13.68,0.955,RISING,FLAT,CONTANGO,0.41,—,—,0,0,0,NO_TRADE,False,0,—,0,0,0,0,14,4,,,,,,,,,,,
2023-11-24,72,SKIP,13.06,7.73,1.69,FALLING,FLAT,CONTANGO,0.165,—,—,0,0,0,VP_CAP,False,0,—,0,0,0,30,20,4,,,,,,,,,,,
2023-11-27,69,SKIP,12.86,8.69,1.48,FALLING,FLAT,CONTANGO,0.267,—,—,0,0,0,ENV_BLOCK,False,0,—,0,0,0,27,20,4,,,,,,,,,,,
2023-11-28,72,SKIP,12.77,7.46,1.712,FALLING,FLAT,CONTANGO,0.149,—,—,0,0,0,VP_CAP,False,0,—,0,0,0,30,20,4,,,,,,,,,,,
2023-11-29,72,SKIP,12.66,8.22,1.541,FALLING,FLAT,CONTANGO,0.346,—,—,0,0,0,VP_CAP,False,0,—,0,0,0,30,20,4,,,,,,,,,,,
2023-11-30,65,GO,13.17,12.14,1.085,STABLE,FLAT,FLAT,0.329,LIVE,LIVE,13,31005.0,9516.0,TARGET,True,2405.0,DRIFT2_TIME_STOP,11921.0,31.0,40,15,20,12,,,,6.5,7.35,8.32,2023-11-30 14:24:00-05:00,2023-11-30 14:33:00-05:00,2023-11-30 14:40:00-05:00,,
2023-12-01,80,SKIP,12.81,6.93,1.848,FALLING,FLAT,FLAT,0.309,—,—,0,0,0,VP_CAP,False,0,—,0,0,0,30,20,12,,,,,,,,,,,
2023-12-04,85,SKIP,13.66,10.38,1.316,FALLING,FLAT,INVERTED,0.295,—,—,0,0,0,ENV_BLOCK,False,0,—,0,0,0,27,20,20,,,,,,,,,,,
2023-12-05,50,WAIT,13.76,15.66,0.879,RISING,FLAT,FLAT,0.331,—,—,0,0,0,NO_TRADE,False,0,—,0,0,0,0,20,12,,,,,,,,,,,
2023-12-06,88,SKIP,12.73,7.0,1.818,FALLING,FLAT,INVERTED,0.207,—,—,0,0,0,VP_CAP,False,0,—,0,0,0,30,20,20,,,,,,,,,,,
2023-12-07,65,SKIP,13.19,9.65,1.367,RISING,FLAT,INVERTED,0.217,—,—,0,0,0,ENV_BLOCK,False,0,—,0,0,0,7,20,20,,,,,,,,,,,
2023-12-08,44,WAIT,13.24,15.57,0.851,RISING,FLAT,FLAT,0.443,—,—,0,0,0,NO_TRADE,False,0,—,0,0,0,0,14,12,,,,,,,,,,,
2023-12-11,65,GO,13.0,11.57,1.124,STABLE,FLAT,FLAT,0.311,LIVE,LIVE,12,31656.0,-876.0,TIME_STOP,True,0,TIMEADD_BLOCKED (FLAT/FALLING),-876.0,31.7,40,15,20,12,0.74,1.1,0.27,,,,,,,,
2023-12-12,80,SKIP,12.39,7.79,1.591,STABLE,FLAT,FLAT,0.224,—,—,0,0,0,VP_CAP,False,0,—,0,0,0,30,20,12,,,,,,,,,,,
2023-12-13,80,SKIP,12.28,7.8,1.575,FALLING,FLAT,FLAT,0.14,—,—,0,0,0,VP_CAP,False,0,—,0,0,0,30,20,12,,,,,,,,,,,
2023-12-14,60,SKIP,12.19,13.36,0.912,STABLE,FLAT,FLAT,0.371,—,—,0,0,0,VP_SKIP,False,0,—,0,0,0,10,20,12,,,,,,,,,,,
2023-12-15,42,WAIT,12.25,10.89,1.125,RISING,FLAT,CONTANGO,0.221,—,—,0,0,0,NO_TRADE,False,0,—,0,0,0,0,20,4,,,,,,,,,,,
2023-12-18,80,SKIP,12.53,5.28,2.372,STABLE,FLAT,FLAT,0.227,—,—,0,0,0,VP_CAP,False,0,—,0,0,0,30,20,12,,,,,,,,,,,
2023-12-19,57,SKIP,12.52,7.88,1.588,RISING,FLAT,CONTANGO,0.262,—,—,0,0,0,VP_CAP,False,0,—,0,0,0,15,20,4,,,,,,,,,,,
2023-12-20,72,SKIP,12.32,4.96,2.482,STABLE,FLAT,CONTANGO,0.254,—,—,0,0,0,VP_CAP,False,0,—,0,0,0,30,20,4,,,,,,,,,,,
2023-12-21,77,SKIP,13.66,11.28,1.211,FALLING,FLAT,FLAT,0.354,—,—,0,0,0,ENV_BLOCK,False,0,—,0,0,0,27,20,12,,,,,,,,,,,
2023-12-22,66,SKIP,13.81,6.62,2.086,FALLING,FLAT,CONTANGO,0.4,—,—,0,0,0,VP_CAP,False,0,—,0,0,0,30,14,4,,,,,,,,,,,
2023-12-26,80,SKIP,13.66,5.28,2.587,STABLE,FLAT,FLAT,0.194,—,—,0,0,0,VP_CAP,False,0,—,0,0,0,30,20,12,,,,,,,,,,,
2023-12-27,80,SKIP,12.74,5.29,2.41,STABLE,FLAT,FLAT,0.176,—,—,0,0,0,VP_CAP,False,0,—,0,0,0,30,20,12,,,,,,,,,,,
2023-12-28,72,SKIP,12.5,4.32,2.895,FALLING,FLAT,CONTANGO,0.128,—,—,0,0,0,VP_CAP,False,0,—,0,0,0,30,20,4,,,,,,,,,,,
2023-12-29,72,SKIP,12.65,4.23,2.994,STABLE,FLAT,CONTANGO,0.091,—,—,0,0,0,VP_CAP,False,0,—,0,0,0,30,20,4,,,,,,,,,,,
2024-01-02,50,WAIT,13.84,12.02,1.151,RISING,FLAT,FLAT,0.3,—,—,0,0,0,NO_TRADE,False,0,—,0,0,0,0,20,12,,,,,,,,,,,
2024-01-03,57,SKIP,13.86,9.16,1.513,RISING,FLAT,CONTANGO,0.231,—,—,0,0,0,VP_CAP,False,0,—,0,0,0,15,20,4,,,,,,,,,,,
2024-01-04,64,GO,14.14,10.44,1.354,STABLE,FLAT,CONTANGO,0.277,LIVE,LIVE,14,33180.0,10010.0,TARGET,True,-9420.0,ADD_BLOCKED (FLAT/RISING),590.0,33.2,40,22,20,4,,,,6.87,7.41,8.15,2024-01-04 13:51:00-05:00,2024-01-04 14:03:00-05:00,2024-01-04 14:11:00-05:00,,
2024-01-05,57,GO,13.46,11.84,1.137,STABLE,FLAT,CONTANGO,0.399,LIVE,LIVE,16,33312.0,14240.0,TARGET,True,-5065.0,DRIFT2_TARGET,9175.0,33.3,40,15,20,4,,,,7.72,8.66,9.9,2024-01-05 13:55:00-05:00,2024-01-05 14:13:00-05:00,2024-01-05 14:31:00-05:00,,
2024-01-08,64,GO,13.67,10.44,1.309,STABLE,FLAT,CONTANGO,0.329,LIVE,LIVE,13,32617.0,-26884.0,WING_STOP,False,0,—,-26884.0,32.6,40,22,20,4,,,,,,,,,,-19.68,2024-01-08 14:57:00-05:00
2024-01-09,57,SKIP,13.31,8.13,1.638,RISING,FLAT,CONTANGO,0.244,—,—,0,0,0,VP_CAP,False,0,—,0,0,0,15,20,4,,,,,,,,,,,
2024-01-10,72,SKIP,12.73,8.2,1.552,STABLE,FLAT,CONTANGO,0.236,—,—,0,0,0,VP_CAP,False,0,—,0,0,0,30,20,4,,,,,,,,,,,
2024-01-11,44,WAIT,12.59,15.16,0.831,FALLING,FLAT,CONTANGO,0.501,—,—,0,0,0,NO_TRADE,False,0,—,0,0,0,8,14,4,,,,,,,,,,,
2024-01-12,43,WAIT,12.76,10.13,1.26,RISING,FLAT,CONTANGO,0.412,—,—,0,0,0,NO_TRADE,False,0,—,0,0,0,7,14,4,,,,,,,,,,,
2024-01-16,66,GO,13.95,10.4,1.341,STABLE,FLAT,FLAT,0.429,LIVE,LIVE,14,31346.0,10976.0,TARGET,True,6283.0,DRIFT2_TARGET,17259.0,31.3,40,22,14,12,,,,7.05,8.09,8.84,2024-01-16 13:48:00-05:00,2024-01-16 14:45:00-05:00,2024-01-16 14:46:00-05:00,,
2024-01-17,57,SKIP,15.35,9.76,1.572,RISING,FLAT,CONTANGO,0.275,—,—,0,0,0,VP_CAP,False,0,—,0,0,0,15,20,4,,,,,,,,,,,
2024-01-18,72,SKIP,14.34,8.87,1.618,STABLE,FLAT,CONTANGO,0.223,—,—,0,0,0,VP_CAP,False,0,—,0,0,0,30,20,4,,,,,,,,,,,
2024-01-19,72,SKIP,13.69,8.22,1.666,STABLE,FLAT,CONTANGO,0.274,—,—,0,0,0,VP_CAP,False,0,—,0,0,0,30,20,4,,,,,,,,,,,
2024-01-22,77,SKIP,13.57,9.17,1.481,FALLING,FLAT,FLAT,0.309,—,—,0,0,0,ENV_BLOCK,False,0,—,0,0,0,27,20,12,,,,,,,,,,,
2024-01-23,80,SKIP,13.09,7.91,1.655,FALLING,FLAT,FLAT,0.17,—,—,0,0,0,VP_CAP,False,0,—,0,0,0,30,20,12,,,,,,,,,,,
2024-01-24,80,SKIP,12.43,6.69,1.857,FALLING,FLAT,FLAT,0.163,—,—,0,0,0,VP_CAP,False,0,—,0,0,0,30,20,12,,,,,,,,,,,
2024-01-25,80,SKIP,13.19,7.79,1.693,STABLE,FLAT,FLAT,0.173,—,—,0,0,0,VP_CAP,False,0,—,0,0,0,30,20,12,,,,,,,,,,,
2024-01-26,77,SKIP,13.57,9.59,1.415,FALLING,FLAT,FLAT,0.209,—,—,0,0,0,ENV_BLOCK,False,0,—,0,0,0,27,20,12,,,,,,,,,,,
2024-01-29,80,SKIP,13.83,6.56,2.109,FALLING,FLAT,FLAT,0.156,—,—,0,0,0,VP_CAP,False,0,—,0,0,0,30,20,12,,,,,,,,,,,
2024-01-30,65,SKIP,13.66,6.84,1.997,RISING,FLAT,FLAT,0.154,—,—,0,0,0,VP_CAP,False,0,—,0,0,0,15,20,12,,,,,,,,,,,
2024-01-31,77,SKIP,13.78,9.39,1.468,FALLING,FLAT,FLAT,0.32,—,—,0,0,0,ENV_BLOCK,False,0,—,0,0,0,27,20,12,,,,,,,,,,,
2024-02-01,50,WAIT,14.33,12.24,1.171,RISING,FLAT,FLAT,0.294,—,—,0,0,0,NO_TRADE,False,0,—,0,0,0,0,20,12,,,,,,,,,,,
2024-02-02,60,SKIP,13.93,14.02,0.994,STABLE,FLAT,FLAT,0.348,—,—,0,0,0,VP_SKIP,False,0,—,0,0,0,10,20,12,,,,,,,,,,,
2024-02-05,50,WAIT,13.96,12.04,1.16,RISING,FLAT,FLAT,0.293,—,—,0,0,0,NO_TRADE,False,0,—,0,0,0,0,20,12,,,,,,,,,,,
2024-02-06,77,SKIP,13.48,10.66,1.265,FALLING,FLAT,FLAT,0.319,—,—,0,0,0,ENV_BLOCK,False,0,—,0,0,0,27,20,12,,,,,,,,,,,
2024-02-07,57,SKIP,12.99,8.8,1.476,RISING,FLAT,FLAT,0.203,—,—,0,0,0,ENV_BLOCK,False,0,—,0,0,0,7,20,12,,,,,,,,,,,
2024-02-08,72,SKIP,12.94,6.8,1.902,FALLING,FLAT,CONTANGO,0.142,—,—,0,0,0,VP_CAP,False,0,—,0,0,0,30,20,4,,,,,,,,,,,
2024-02-09,57,SKIP,12.83,6.18,2.077,RISING,FLAT,CONTANGO,0.206,—,—,0,0,0,VP_CAP,False,0,—,0,0,0,15,20,4,,,,,,,,,,,
2024-02-12,72,SKIP,13.54,3.84,3.523,FALLING,FLAT,CONTANGO,0.071,—,—,0,0,0,VP_CAP,False,0,—,0,0,0,30,20,4,,,,,,,,,,,
2024-02-13,77,SKIP,14.77,11.84,1.247,FALLING,FLAT,FLAT,0.376,—,—,0,0,0,ENV_BLOCK,False,0,—,0,0,0,27,20,12,,,,,,,,,,,
2024-02-14,72,SKIP,14.33,9.28,1.544,FALLING,FLAT,CONTANGO,0.284,—,—,0,0,0,VP_CAP,False,0,—,0,0,0,30,20,4,,,,,,,,,,,
2024-02-15,49,WAIT,14.29,9.71,1.472,RISING,FLAT,CONTANGO,0.26,—,—,0,0,0,NO_TRADE,False,0,—,0,0,0,7,20,4,,,,,,,,,,,
2024-02-16,43,WAIT,14.65,10.02,1.462,RISING,FLAT,CONTANGO,0.628,—,—,0,0,0,NO_TRADE,False,0,—,0,0,0,7,14,4,,,,,,,,,,,
2024-02-20,59,GO,15.58,13.12,1.187,STABLE,FLAT,FLAT,0.435,LIVE,LIVE,16,33120.0,13856.0,TARGET,True,17686.0,DRIFT2_TIME_STOP,31542.0,33.1,40,15,14,12,,,,7.87,8.87,9.66,2024-02-20 14:31:00-05:00,2024-02-20 14:41:00-05:00,2024-02-20 14:55:00-05:00,,
2024-02-21,80,SKIP,15.85,7.49,2.115,STABLE,FLAT,FLAT,0.147,—,—,0,0,0,VP_CAP,False,0,—,0,0,0,30,20,12,,,,,,,,,,,
2024-02-22,36,WAIT,14.35,13.85,1.036,RISING,FLAT,CONTANGO,0.502,—,—,0,0,0,NO_TRADE,False,0,—,0,0,0,0,14,4,,,,,,,,,,,
2024-02-23,49,WAIT,14.2,11.8,1.203,RISING,FLAT,CONTANGO,0.199,—,—,0,0,0,NO_TRADE,False,0,—,0,0,0,7,20,4,,,,,,,,,,,
2024-02-26,65,SKIP,13.9,8.39,1.657,RISING,FLAT,FLAT,0.201,—,—,0,0,0,VP_CAP,False,0,—,0,0,0,15,20,12,,,,,,,,,,,
2024-02-27,80,SKIP,13.52,8.05,1.679,FALLING,FLAT,FLAT,0.246,—,—,0,0,0,VP_CAP,False,0,—,0,0,0,30,20,12,,,,,,,,,,,
2024-02-28,80,SKIP,13.65,8.63,1.582,FALLING,FLAT,FLAT,0.175,—,—,0,0,0,VP_CAP,False,0,—,0,0,0,30,20,12,,,,,,,,,,,
2024-02-29,80,SKIP,13.35,5.95,2.245,STABLE,FLAT,FLAT,0.216,—,—,0,0,0,VP_CAP,False,0,—,0,0,0,30,20,12,,,,,,,,,,,
2024-03-01,72,SKIP,13.22,7.74,1.707,STABLE,FLAT,CONTANGO,0.283,—,—,0,0,0,VP_CAP,False,0,—,0,0,0,30,20,4,,,,,,,,,,,
2024-03-04,80,SKIP,13.52,8.17,1.654,FALLING,FLAT,FLAT,0.135,—,—,0,0,0,VP_CAP,False,0,—,0,0,0,30,20,12,,,,,,,,,,,
2024-03-05,57,SKIP,14.0,9.62,1.456,RISING,FLAT,FLAT,0.181,—,—,0,0,0,ENV_BLOCK,False,0,—,0,0,0,7,20,12,,,,,,,,,,,
2024-03-06,80,GO,14.24,9.57,1.488,STABLE,FLAT,INVERTED,0.274,LIVE,LIVE,17,32470.000000000004,17085.0,TARGET,True,16490.0,ADD_BLOCKED (FLAT/FALLING),33575.0,32.5,40,22,20,20,5.0,7.1,,8.57,10.2,11.05,2024-03-06 15:06:00-05:00,2024-03-06 15:39:00-05:00,2024-03-06 15:40:00-05:00,,
2024-03-07,72,GO,14.39,11.01,1.307,STABLE,FLAT,FLAT,0.294,LIVE,LIVE,15,31920.0,-3780.0,TIME_STOP,True,0,ADD_BLOCKED (FLAT/FALLING),-3780.0,31.9,40,22,20,12,4.36,4.61,-1.52,,,,,,,,
2024-03-08,71,SKIP,14.07,10.2,1.379,FALLING,FLAT,FLAT,0.469,—,—,0,0,0,ENV_BLOCK,False,0,—,0,0,0,27,14,12,,,,,,,,,,,
2024-03-11,80,GO,15.88,11.23,1.414,STABLE,FLAT,INVERTED,0.308,LIVE,LIVE,17,33065.0,-2193.0,TIME_STOP,True,4865.0,DRIFT2_TARGET,2672.0,33.1,40,22,20,20,-2.58,1.85,-0.29,,,,,,,,
2024-03-12,54,WAIT,14.35,16.15,0.888,STABLE,FLAT,FLAT,0.561,—,—,0,0,0,NO_TRADE,False,0,—,0,0,0,10,14,12,,,,,,,,,,,
2024-03-13,80,SKIP,13.93,6.2,2.248,FALLING,FLAT,FLAT,0.233,—,—,0,0,0,VP_CAP,False,0,—,0,0,0,30,20,12,,,,,,,,,,,
2024-03-14,38,WAIT,14.3,14.1,1.014,RISING,FALLING,INVERTED,0.718,—,—,0,0,0,NO_TRADE,False,0,—,0,0,0,0,0,20,,,,,,,,,,,
2024-03-15,65,SKIP,14.82,14.9,0.995,FALLING,FLAT,FLAT,0.321,—,—,0,0,0,VP_SKIP,False,0,—,0,0,0,15,20,12,,,,,,,,,,,
2024-03-18,77,SKIP,14.5,9.72,1.492,FALLING,FLAT,FLAT,0.288,—,—,0,0,0,ENV_BLOCK,False,0,—,0,0,0,27,20,12,,,,,,,,,,,
2024-03-19,72,GO,14.28,10.96,1.302,STABLE,FLAT,FLAT,0.198,LIVE,LIVE,15,32265.0,-26880.0,TIME_STOP,True,-10751.0,ADD_BLOCKED (FLAT/RISING),-37631.0,32.3,40,22,20,12,-16.01,-11.7,-16.92,,,,,,,,
2024-03-20,80,SKIP,14.06,6.56,2.143,FALLING,FLAT,FLAT,0.176,—,—,0,0,0,VP_CAP,False,0,—,0,0,0,30,20,12,,,,,,,,,,,
2024-03-21,72,SKIP,12.79,8.23,1.554,STABLE,FLAT,CONTANGO,0.24,—,—,0,0,0,VP_CAP,False,0,—,0,0,0,30,20,4,,,,,,,,,,,
2024-03-22,72,SKIP,12.88,8.21,1.569,FALLING,FLAT,CONTANGO,0.179,—,—,0,0,0,VP_CAP,False,0,—,0,0,0,30,20,4,,,,,,,,,,,
2024-03-25,72,SKIP,13.28,7.5,1.77,STABLE,FLAT,CONTANGO,0.149,—,—,0,0,0,VP_CAP,False,0,—,0,0,0,30,20,4,,,,,,,,,,,
2024-03-26,72,SKIP,13.07,6.81,1.92,FALLING,FLAT,CONTANGO,0.133,—,—,0,0,0,VP_CAP,False,0,—,0,0,0,30,20,4,,,,,,,,,,,
2024-03-27,57,SKIP,13.16,5.69,2.314,RISING,FLAT,CONTANGO,0.194,—,—,0,0,0,VP_CAP,False,0,—,0,0,0,15,20,4,,,,,,,,,,,
2024-03-28,72,SKIP,12.98,6.66,1.95,STABLE,FLAT,CONTANGO,0.181,—,—,0,0,0,VP_CAP,False,0,—,0,0,0,30,20,4,,,,,,,,,,,
2024-04-01,72,SKIP,13.58,6.95,1.954,FALLING,FLAT,CONTANGO,0.182,—,—,0,0,0,VP_CAP,False,0,—,0,0,0,30,20,4,,,,,,,,,,,
2024-04-02,80,SKIP,15.11,6.15,2.455,FALLING,FLAT,FLAT,0.303,—,—,0,0,0,VP_CAP,False,0,—,0,0,0,30,20,12,,,,,,,,,,,
2024-04-03,57,SKIP,14.9,12.31,1.211,RISING,FLAT,FLAT,0.373,—,—,0,0,0,ENV_BLOCK,False,0,—,0,0,0,7,20,12,,,,,,,,,,,
2024-04-04,72,SKIP,13.98,6.25,2.238,STABLE,FLAT,CONTANGO,0.208,—,—,0,0,0,VP_CAP,False,0,—,0,0,0,30,20,4,,,,,,,,,,,
2024-04-05,79,SKIP,16.15,11.92,1.354,FALLING,FLAT,FLAT,0.482,—,—,0,0,0,ENV_BLOCK,False,0,—,0,0,0,27,14,12,,,,,,,,,,,
2024-04-08,80,SKIP,15.94,9.23,1.727,FALLING,FLAT,FLAT,0.253,—,—,0,0,0,VP_CAP,False,0,—,0,0,0,30,20,12,,,,,,,,,,,
2024-04-09,80,SKIP,15.42,9.88,1.56,FALLING,FLAT,FLAT,0.379,—,—,0,0,0,VP_CAP,False,0,—,0,0,0,30,20,12,,,,,,,,,,,
2024-04-10,60,SKIP,16.17,20.93,0.773,FALLING,FLAT,FLAT,0.45,—,—,0,0,0,VP_SKIP,False,0,—,0,0,0,8,14,12,,,,,,,,,,,
2024-04-11,73,GO,16.11,15.86,1.016,STABLE,FLAT,FLAT,0.341,LIVE,LIVE,20,32979.99999999999,-23280.0,WING_STOP,False,0,—,-23280.0,33.0,40,15,20,12,,,,,,,,,,-10.64,2024-04-11 14:07:00-04:00
2024-04-12,88,SKIP,16.87,11.04,1.528,STABLE,FLAT,FLAT,0.305,—,—,0,0,0,VP_CAP,False,0,—,0,0,0,30,20,12,,,,,,,,,,,
2024-04-15,88,SKIP,16.3,10.71,1.521,STABLE,FLAT,FLAT,0.364,—,—,0,0,0,VP_CAP,False,0,—,0,0,0,30,20,12,,,,,,,,,,,
2024-04-16,82,SKIP,19.06,15.63,1.219,STABLE,FLAT,INVERTED,0.428,—,—,0,0,0,VIX_CAP,False,0,—,0,0,0,22,14,20,,,,,,,,,,,
2024-04-17,80,GO,17.92,13.09,1.369,STABLE,FLAT,FLAT,0.261,LIVE,LIVE,16,31695.999999999996,-16496.0,WING_STOP,False,0,—,-16496.0,31.7,45,22,20,12,,,,,,,,,,-9.31,2024-04-17 12:04:00-04:00
2024-04-18,74,GO,17.95,14.0,1.282,STABLE,FLAT,FLAT,0.469,LIVE,LIVE,17,32589.000000000004,20842.0,TARGET,True,-18659.0,DRIFT2_WING_STOP,2183.0,32.6,45,22,14,12,5.49,,,10.58,11.94,13.26,2024-04-18 15:02:00-04:00,2024-04-18 15:08:00-04:00,2024-04-18 15:24:00-04:00,,
2024-04-19,80,SKIP,18.33,15.26,1.201,STABLE,FLAT,FLAT,0.356,—,—,0,0,0,VIX_CAP,False,0,—,0,0,0,22,20,12,,,,,,,,,,,
2024-04-22,85,SKIP,17.91,14.83,1.207,FALLING,FLAT,FLAT,0.268,—,—,0,0,0,ENV_BLOCK,False,0,—,0,0,0,27,20,12,,,,,,,,,,,
2024-04-23,52,WAIT,16.37,19.04,0.86,RISING,FLAT,FLAT,0.474,—,—,0,0,0,NO_TRADE,False,0,—,0,0,0,0,14,12,,,,,,,,,,,
2024-04-24,65,GO,15.79,13.19,1.197,STABLE,FLAT,FLAT,0.263,LIVE,LIVE,16,32239.999999999996,15040.0,TARGET,True,20634.0,DRIFT2_TARGET,35674.0,32.2,40,15,20,12,-0.98,,,10.4,10.4,10.4,2024-04-24 15:23:00-04:00,2024-04-24 15:23:00-04:00,2024-04-24 15:23:00-04:00,,
2024-04-25,80,SKIP,17.44,15.24,1.144,FALLING,FLAT,INVERTED,0.52,—,—,0,0,0,ENV_BLOCK,False,0,—,0,0,0,20,14,20,,,,,,,,,,,
2024-04-26,64,SKIP,15.25,14.42,1.058,FALLING,FLAT,FLAT,0.488,—,—,0,0,0,ENV_BLOCK,False,0,—,0,0,0,20,14,12,,,,,,,,,,,
2024-04-29,85,SKIP,15.16,11.39,1.331,FALLING,FLAT,INVERTED,0.359,—,—,0,0,0,ENV_BLOCK,False,0,—,0,0,0,27,20,20,,,,,,,,,,,
2024-04-30,88,SKIP,14.82,9.42,1.573,FALLING,FLAT,INVERTED,0.26,—,—,0,0,0,VP_CAP,False,0,—,0,0,0,30,20,20,,,,,,,,,,,
2024-05-01,88,GO,16.08,12.61,1.275,STABLE,FLAT,INVERTED,0.322,LIVE,LIVE,30,33000.0,-14550.0,WING_STOP,False,0,—,-14550.0,33.0,40,22,20,20,,,,,,,,,,-3.85,2024-05-01 14:41:00-04:00
2024-05-02,64,SKIP,15.37,13.2,1.164,FALLING,FLAT,FLAT,0.503,—,—,0,0,0,ENV_BLOCK,False,0,—,0,0,0,20,14,12,,,,,,,,,,,
2024-05-03,44,WAIT,13.85,14.6,0.949,RISING,FLAT,FLAT,0.516,—,—,0,0,0,NO_TRADE,False,0,—,0,0,0,0,14,12,,,,,,,,,,,
2024-05-06,80,SKIP,13.69,6.73,2.033,FALLING,FLAT,FLAT,0.317,—,—,0,0,0,VP_CAP,False,0,—,0,0,0,30,20,12,,,,,,,,,,,
2024-05-07,80,SKIP,13.62,8.77,1.554,STABLE,FLAT,FLAT,0.165,—,—,0,0,0,VP_CAP,False,0,—,0,0,0,30,20,12,,,,,,,,,,,
2024-05-08,80,SKIP,13.26,7.37,1.799,FALLING,FLAT,FLAT,0.301,—,—,0,0,0,VP_CAP,False,0,—,0,0,0,30,20,12,,,,,,,,,,,
2024-05-09,80,SKIP,13.21,7.08,1.865,FALLING,FLAT,FLAT,0.227,—,—,0,0,0,VP_CAP,False,0,—,0,0,0,30,20,12,,,,,,,,,,,
2024-05-10,72,GO,12.88,8.8,1.464,STABLE,FLAT,FLAT,0.271,LIVE,LIVE,13,32201.0,1794.0,TIME_STOP,True,9295.0,DRIFT_TARGET,11089.0,32.2,40,22,20,12,-0.17,1.93,2.38,,,,,,,,
2024-05-13,80,SKIP,13.4,7.76,1.727,FALLING,FLAT,FLAT,0.249,—,—,0,0,0,VP_CAP,False,0,—,0,0,0,30,20,12,,,,,,,,,,,
2024-05-14,80,SKIP,13.82,6.85,2.016,FALLING,FLAT,FLAT,0.161,—,—,0,0,0,VP_CAP,False,0,—,0,0,0,30,20,12,,,,,,,,,,,
2024-05-15,72,GO,13.04,10.46,1.247,STABLE,FLAT,FLAT,0.304,LIVE,LIVE,14,31920.0,-25900.0,TIME_STOP,True,0,ADD_BLOCKED (FLAT/FALLING),-25900.0,31.9,40,22,20,12,-12.16,-14.68,-17.5,,,,,,,,
2024-05-16,72,SKIP,12.42,4.36,2.849,FALLING,FLAT,CONTANGO,0.09,—,—,0,0,0,VP_CAP,False,0,—,0,0,0,30,20,4,,,,,,,,,,,
2024-05-17,72,SKIP,12.37,6.68,1.853,STABLE,FLAT,CONTANGO,0.202,—,—,0,0,0,VP_CAP,False,0,—,0,0,0,30,20,4,,,,,,,,,,,
2024-05-20,72,SKIP,12.18,6.26,1.945,STABLE,FLAT,CONTANGO,0.354,—,—,0,0,0,VP_CAP,False,0,—,0,0,0,30,20,4,,,,,,,,,,,
2024-05-21,72,SKIP,12.33,6.59,1.872,FALLING,FLAT,CONTANGO,0.162,—,—,0,0,0,VP_CAP,False,0,—,0,0,0,30,20,4,,,,,,,,,,,
2024-05-22,72,SKIP,11.93,4.96,2.407,STABLE,FLAT,CONTANGO,0.13,—,—,0,0,0,VP_CAP,False,0,—,0,0,0,30,20,4,,,,,,,,,,,
2024-05-23,36,WAIT,12.28,12.52,0.981,STABLE,FALLING,CONTANGO,0.682,—,—,0,0,0,NO_TRADE,False,0,—,0,0,0,10,4,4,,,,,,,,,,,
2024-05-24,42,WAIT,12.37,13.46,0.919,RISING,FLAT,CONTANGO,0.254,—,—,0,0,0,NO_TRADE,False,0,—,0,0,0,0,20,4,,,,,,,,,,,
2024-05-28,72,SKIP,12.88,8.17,1.576,FALLING,FLAT,CONTANGO,0.284,—,—,0,0,0,VP_CAP,False,0,—,0,0,0,30,20,4,,,,,,,,,,,
2024-05-29,72,SKIP,13.98,8.33,1.678,STABLE,FLAT,CONTANGO,0.304,—,—,0,0,0,VP_CAP,False,0,—,0,0,0,30,20,4,,,,,,,,,,,
2024-05-30,80,SKIP,13.85,8.6,1.611,FALLING,FLAT,FLAT,0.224,—,—,0,0,0,VP_CAP,False,0,—,0,0,0,30,20,12,,,,,,,,,,,
2024-05-31,59,GO,13.78,11.9,1.158,STABLE,FLAT,FLAT,0.405,LIVE,LIVE,16,31632.0,-21360.0,WING_STOP,False,0,—,-21360.0,31.6,40,15,14,12,,,,,,,,,,-12.35,2024-05-31 12:12:00-04:00
2024-06-03,58,SKIP,13.13,12.02,1.092,RISING,FLAT,INVERTED,0.353,—,—,0,0,0,ENV_BLOCK,False,0,—,0,0,0,0,20,20,,,,,,,,,,,
2024-06-04,58,SKIP,13.48,13.71,0.983,RISING,FLAT,INVERTED,0.355,—,—,0,0,0,VP_SKIP,False,0,—,0,0,0,0,20,20,,,,,,,,,,,
2024-06-05,73,SKIP,13.09,7.74,1.692,RISING,FLAT,INVERTED,0.351,—,—,0,0,0,VP_CAP,False,0,—,0,0,0,15,20,20,,,,,,,,,,,
2024-06-06,73,SKIP,12.74,8.12,1.569,RISING,FLAT,INVERTED,0.217,—,—,0,0,0,VP_CAP,False,0,—,0,0,0,15,20,20,,,,,,,,,,,
2024-06-07,78,SKIP,12.57,11.09,1.133,FALLING,FLAT,INVERTED,0.348,—,—,0,0,0,ENV_BLOCK,False,0,—,0,0,0,20,20,20,,,,,,,,,,,
2024-06-10,80,SKIP,13.11,6.92,1.895,FALLING,FLAT,FLAT,0.182,—,—,0,0,0,VP_CAP,False,0,—,0,0,0,30,20,12,,,,,,,,,,,
2024-06-11,44,WAIT,13.28,12.13,1.095,RISING,FLAT,FLAT,0.481,—,—,0,0,0,NO_TRADE,False,0,—,0,0,0,0,14,12,,,,,,,,,,,
2024-06-12,63,SKIP,12.31,9.22,1.336,FALLING,FLAT,CONTANGO,0.513,—,—,0,0,0,ENV_BLOCK,False,0,—,0,0,0,27,14,4,,,,,,,,,,,
2024-06-13,64,GO,12.11,9.19,1.318,STABLE,FLAT,CONTANGO,0.332,LIVE,LIVE,15,32025.0,12705.0,TARGET,True,-1024.0,DRIFT_TIME_STOP,11681.0,32.0,40,22,20,4,,,,7.79,8.61,9.47,2024-06-13 14:07:00-04:00,2024-06-13 14:20:00-04:00,2024-06-13 14:30:00-04:00,,
2024-06-14,49,WAIT,12.63,9.63,1.312,RISING,FLAT,CONTANGO,0.23,—,—,0,0,0,NO_TRADE,False,0,—,0,0,0,7,20,4,,,,,,,,,,,
2024-06-17,80,SKIP,13.18,8.03,1.641,STABLE,FLAT,FLAT,0.197,—,—,0,0,0,VP_CAP,False,0,—,0,0,0,30,20,12,,,,,,,,,,,
2024-06-18,57,SKIP,12.42,9.21,1.349,RISING,FLAT,FLAT,0.211,—,—,0,0,0,ENV_BLOCK,False,0,—,0,0,0,7,20,12,,,,,,,,,,,
2024-06-20,80,SKIP,12.84,7.83,1.64,FALLING,FLAT,FLAT,0.254,—,—,0,0,0,VP_CAP,False,0,—,0,0,0,30,20,12,,,,,,,,,,,
2024-06-21,52,WAIT,13.52,14.86,0.91,STABLE,FLAT,CONTANGO,0.349,—,—,0,0,0,NO_TRADE,False,0,—,0,0,0,10,20,4,,,,,,,,,,,
2024-06-24,43,WAIT,13.46,9.2,1.464,RISING,FLAT,CONTANGO,0.402,—,—,0,0,0,NO_TRADE,False,0,—,0,0,0,7,14,4,,,,,,,,,,,
2024-06-25,72,SKIP,13.44,8.83,1.523,STABLE,FLAT,CONTANGO,0.17,—,—,0,0,0,VP_CAP,False,0,—,0,0,0,30,20,4,,,,,,,,,,,
2024-06-26,69,SKIP,12.96,9.83,1.318,FALLING,FLAT,CONTANGO,0.237,—,—,0,0,0,ENV_BLOCK,False,0,—,0,0,0,27,20,4,,,,,,,,,,,
2024-06-27,42,WAIT,12.47,11.27,1.107,RISING,FLAT,CONTANGO,0.299,—,—,0,0,0,NO_TRADE,False,0,—,0,0,0,0,20,4,,,,,,,,,,,
2024-06-28,72,SKIP,12.25,7.2,1.702,STABLE,FLAT,CONTANGO,0.377,—,—,0,0,0,VP_CAP,False,0,—,0,0,0,30,20,4,,,,,,,,,,,
2024-07-01,42,WAIT,12.85,12.03,1.068,RISING,FLAT,CONTANGO,0.349,—,—,0,0,0,NO_TRADE,False,0,—,0,0,0,0,20,4,,,,,,,,,,,
2024-07-02,57,GO,12.38,11.66,1.062,STABLE,FLAT,CONTANGO,0.338,LIVE,LIVE,14,31150.0,-14112.0,TIME_STOP,True,0,ADD_BLOCKED (FLAT/RISING),-14112.0,31.2,40,15,20,4,-4.75,-7.05,-9.08,,,,,,,,
2024-07-03,72,SKIP,11.98,7.04,1.701,STABLE,FLAT,CONTANGO,0.254,—,—,0,0,0,VP_CAP,False,0,—,0,0,0,30,20,4,,,,,,,,,,,
2024-07-05,49,WAIT,12.18,8.79,1.385,RISING,FLAT,CONTANGO,0.242,—,—,0,0,0,NO_TRADE,False,0,—,0,0,0,7,20,4,,,,,,,,,,,
2024-07-08,64,GO,12.57,8.41,1.495,STABLE,FLAT,CONTANGO,0.215,LIVE,LIVE,12,31452.0,1284.0,TIME_STOP,True,6264.0,DRIFT_TARGET,7548.0,31.5,40,22,20,4,1.54,-1.16,2.07,,,,,,,,
2024-07-09,72,SKIP,12.4,6.35,1.952,FALLING,FLAT,CONTANGO,0.139,—,—,0,0,0,VP_CAP,False,0,—,0,0,0,30,20,4,,,,,,,,,,,
2024-07-10,72,SKIP,12.46,4.73,2.632,STABLE,FLAT,CONTANGO,0.119,—,—,0,0,0,VP_CAP,False,0,—,0,0,0,30,20,4,,,,,,,,,,,
2024-07-11,64,GO,12.5,8.51,1.469,STABLE,FLAT,CONTANGO,0.137,LIVE,LIVE,15,31650.0,-20295.0,WING_STOP,False,0,—,-20295.0,31.6,40,22,20,4,,,,,,,,,,-12.53,2024-07-11 11:22:00-04:00
2024-07-12,72,SKIP,12.29,8.13,1.511,STABLE,FLAT,CONTANGO,0.391,—,—,0,0,0,VP_CAP,False,0,—,0,0,0,30,20,4,,,,,,,,,,,
2024-07-15,57,GO,12.84,11.39,1.127,STABLE,FLAT,CONTANGO,0.25,LIVE,LIVE,16,32352.0,14544.0,TARGET,True,-18046.0,ADD_BLOCKED (FLAT/RISING),-3502.0,32.4,40,15,20,4,,,,8.06,8.92,10.09,2024-07-15 14:38:00-04:00,2024-07-15 14:46:00-04:00,2024-07-15 14:54:00-04:00,,
2024-07-16,64,GO,13.08,10.32,1.267,STABLE,FLAT,CONTANGO,0.193,LIVE,LIVE,15,31815.0,8775.0,TIME_STOP,False,0,—,8775.0,31.8,40,22,20,4,4.32,5.52,6.85,7.61,8.46,,2024-07-16 14:03:00-04:00,2024-07-16 14:31:00-04:00,,,
2024-07-17,64,GO,13.93,10.88,1.28,STABLE,FLAT,CONTANGO,0.268,LIVE,LIVE,18,32580.000000000004,-5220.0,TIME_STOP,True,18288.0,DRIFT_TARGET,13068.0,32.6,40,22,20,4,-0.27,3.62,-1.9,,,,,,,,
2024-07-18,49,WAIT,14.23,11.83,1.203,RISING,FLAT,CONTANGO,0.239,—,—,0,0,0,NO_TRADE,False,0,—,0,0,0,7,20,4,,,,,,,,,,,
2024-07-19,70,SKIP,16.01,13.48,1.187,FALLING,FLAT,CONTANGO,0.374,—,—,0,0,0,ENV_BLOCK,False,0,—,0,0,0,20,20,4,,,,,,,,,,,
2024-07-22,57,SKIP,15.76,12.89,1.223,RISING,FLAT,FLAT,0.385,—,—,0,0,0,ENV_BLOCK,False,0,—,0,0,0,7,20,12,,,,,,,,,,,
2024-07-23,72,GO,14.68,11.14,1.318,STABLE,FLAT,FLAT,0.306,LIVE,LIVE,16,32784.0,14016.0,TARGET,True,12750.0,TIMEADD_TARGET,26766.0,32.8,40,22,20,12,,,,7.83,9.1,9.76,2024-07-23 13:55:00-04:00,2024-07-23 14:01:00-04:00,2024-07-23 14:10:00-04:00,,
2024-07-24,82,SKIP,16.2,10.24,1.582,STABLE,FLAT,FLAT,0.5,—,—,0,0,0,VP_CAP,False,0,—,0,0,0,30,14,12,,,,,,,,,,,
2024-07-25,70,SKIP,18.41,18.41,1.0,STABLE,FLAT,INVERTED,0.44,—,—,0,0,0,VP_SKIP,False,0,—,0,0,0,10,14,20,,,,,,,,,,,
2024-07-26,86,SKIP,17.25,16.41,1.051,FALLING,FLAT,INVERTED,0.38,—,—,0,0,0,ENV_BLOCK,False,0,—,0,0,0,20,20,20,,,,,,,,,,,
2024-07-29,66,SKIP,16.65,15.56,1.07,RISING,FLAT,INVERTED,0.398,—,—,0,0,0,ENV_BLOCK,False,0,—,0,0,0,0,20,20,,,,,,,,,,,
2024-07-30,93,SKIP,16.5,11.27,1.465,FALLING,FLAT,INVERTED,0.282,—,—,0,0,0,ENV_BLOCK,False,0,—,0,0,0,27,20,20,,,,,,,,,,,
2024-07-31,86,SKIP,16.52,14.79,1.117,FALLING,FLAT,INVERTED,0.333,—,—,0,0,0,ENV_BLOCK,False,0,—,0,0,0,20,20,20,,,,,,,,,,,
2024-08-01,52,WAIT,16.09,14.33,1.123,RISING,FLAT,FLAT,0.511,—,—,0,0,0,NO_TRADE,False,0,—,0,0,0,0,14,12,,,,,,,,,,,
2024-08-02,63,SKIP,21.66,27.78,0.78,STABLE,FLAT,INVERTED,0.555,—,—,0,0,0,VP_SKIP,False,0,—,0,0,0,3,14,20,,,,,,,,,,,
2024-08-05,30,SKIP,42.87,62.55,0.685,RISING,RISING,INVERTED,1.779,—,—,0,0,0,NO_TRADE,False,0,—,0,0,0,0,0,20,,,,,,,,,,,
2024-08-06,49,WAIT,30.0,27.11,1.107,STABLE,RISING,FLAT,0.858,—,—,0,0,0,NO_TRADE,False,0,—,0,0,0,15,0,12,,,,,,,,,,,
2024-08-07,52,WAIT,21.99,18.58,1.183,RISING,FLAT,FLAT,0.692,—,—,0,0,0,NO_TRADE,False,0,—,0,0,0,0,14,12,,,,,,,,,,,
2024-08-08,60,SKIP,25.55,24.18,1.057,RISING,FLAT,INVERTED,0.664,—,—,0,0,0,VIX_CAP,False,0,—,0,0,0,0,14,20,,,,,,,,,,,
2024-08-09,74,SKIP,24.23,19.32,1.254,STABLE,FLAT,FLAT,0.459,—,—,0,0,0,VIX_CAP,False,0,—,0,0,0,22,14,12,,,,,,,,,,,
2024-08-12,90,SKIP,20.91,12.56,1.665,STABLE,FLAT,INVERTED,0.672,—,—,0,0,0,VIX_CAP,False,0,—,0,0,0,30,14,20,,,,,,,,,,,
2024-08-13,67,SKIP,19.54,12.87,1.518,RISING,FLAT,FLAT,0.411,—,—,0,0,0,VIX_CAP,False,0,—,0,0,0,15,14,12,,,,,,,,,,,
2024-08-14,74,GO,17.43,12.32,1.415,STABLE,FLAT,FLAT,0.415,LIVE,LIVE,17,31535.0,9656.0,TIME_STOP,True,0,ADD_BLOCKED (FLAT/FALLING),9656.0,31.5,45,22,14,12,0.34,9.65,6.68,10.98,12.6,,2024-08-14 15:32:00-04:00,2024-08-14 15:34:00-04:00,,,
2024-08-15,77,SKIP,15.32,11.33,1.352,FALLING,FLAT,FLAT,0.287,—,—,0,0,0,ENV_BLOCK,False,0,—,0,0,0,27,20,12,,,,,,,,,,,
2024-08-16,64,GO,15.26,11.02,1.385,STABLE,FLAT,CONTANGO,0.294,LIVE,LIVE,19,32566.0,11799.0,TIME_STOP,True,9165.0,DRIFT_TARGET,20964.0,32.6,40,22,20,4,-0.52,4.99,7.21,,,,,,,,
2024-08-19,80,SKIP,15.15,9.65,1.569,STABLE,FLAT,FLAT,0.184,—,—,0,0,0,VP_CAP,False,0,—,0,0,0,30,20,12,,,,,,,,,,,
2024-08-20,80,SKIP,14.88,6.17,2.413,STABLE,FLAT,FLAT,0.325,—,—,0,0,0,VP_CAP,False,0,—,0,0,0,30,20,12,,,,,,,,,,,
2024-08-21,88,SKIP,16.27,9.03,1.802,FALLING,FLAT,FLAT,0.291,—,—,0,0,0,VP_CAP,False,0,—,0,0,0,30,20,12,,,,,,,,,,,
2024-08-22,73,SKIP,16.23,10.77,1.506,RISING,FLAT,FLAT,0.278,—,—,0,0,0,VP_CAP,False,0,—,0,0,0,15,20,12,,,,,,,,,,,
2024-08-23,50,WAIT,16.59,14.36,1.155,RISING,FLAT,CONTANGO,0.374,—,—,0,0,0,NO_TRADE,False,0,—,0,0,0,0,20,4,,,,,,,,,,,
2024-08-26,88,SKIP,16.02,10.19,1.573,FALLING,FLAT,FLAT,0.236,—,—,0,0,0,VP_CAP,False,0,—,0,0,0,30,20,12,,,,,,,,,,,
2024-08-27,77,SKIP,16.41,11.87,1.383,FALLING,FLAT,CONTANGO,0.355,—,—,0,0,0,ENV_BLOCK,False,0,—,0,0,0,27,20,4,,,,,,,,,,,
2024-08-28,72,SKIP,15.75,8.66,1.818,STABLE,FLAT,CONTANGO,0.198,—,—,0,0,0,VP_CAP,False,0,—,0,0,0,30,20,4,,,,,,,,,,,
2024-08-29,36,WAIT,15.26,18.38,0.83,RISING,FLAT,CONTANGO,0.431,—,—,0,0,0,NO_TRADE,False,0,—,0,0,0,0,14,4,,,,,,,,,,,
2024-08-30,42,WAIT,14.95,13.2,1.133,RISING,FLAT,CONTANGO,0.347,—,—,0,0,0,NO_TRADE,False,0,—,0,0,0,0,20,4,,,,,,,,,,,
2024-09-03,59,SKIP,17.5,14.15,1.237,RISING,FLAT,FLAT,0.601,—,—,0,0,0,ENV_BLOCK,False,0,—,0,0,0,7,14,12,,,,,,,,,,,
2024-09-04,52,WAIT,21.78,27.93,0.78,RISING,FLAT,FLAT,0.503,—,—,0,0,0,NO_TRADE,False,0,—,0,0,0,0,14,12,,,,,,,,,,,
2024-09-05,80,SKIP,19.91,15.41,1.292,STABLE,FLAT,FLAT,0.355,—,—,0,0,0,VIX_CAP,False,0,—,0,0,0,22,20,12,,,,,,,,,,,
2024-09-06,58,SKIP,20.31,19.79,1.026,FALLING,FLAT,FLAT,0.74,—,—,0,0,0,VIX_CAP,False,0,—,0,0,0,20,0,12,,,,,,,,,,,
2024-09-09,73,SKIP,20.44,10.13,2.018,RISING,FLAT,FLAT,0.365,—,—,0,0,0,VIX_CAP,False,0,—,0,0,0,15,20,12,,,,,,,,,,,
2024-09-10,88,SKIP,19.17,11.0,1.743,STABLE,FLAT,FLAT,0.218,—,—,0,0,0,VIX_CAP,False,0,—,0,0,0,30,20,12,,,,,,,,,,,
2024-09-11,53,WAIT,19.96,20.25,0.986,FALLING,FLAT,FLAT,0.946,—,—,0,0,0,NO_TRADE,False,0,—,0,0,0,15,0,12,,,,,,,,,,,
2024-09-12,52,WAIT,18.41,15.84,1.162,RISING,FLAT,FLAT,0.47,—,—,0,0,0,NO_TRADE,False,0,—,0,0,0,0,14,12,,,,,,,,,,,
2024-09-13,82,SKIP,16.75,8.4,1.995,FALLING,FLAT,FLAT,0.409,—,—,0,0,0,VP_CAP,False,0,—,0,0,0,30,14,12,,,,,,,,,,,
2024-09-16,88,SKIP,17.19,11.43,1.504,STABLE,FLAT,FLAT,0.391,—,—,0,0,0,VP_CAP,False,0,—,0,0,0,30,20,12,,,,,,,,,,,
2024-09-17,88,SKIP,17.32,10.23,1.693,STABLE,FLAT,FLAT,0.234,—,—,0,0,0,VP_CAP,False,0,—,0,0,0,30,20,12,,,,,,,,,,,
2024-09-18,88,SKIP,19.05,6.98,2.728,FALLING,FLAT,FLAT,0.218,—,—,0,0,0,VIX_CAP,False,0,—,0,0,0,30,20,12,,,,,,,,,,,
2024-09-19,44,WAIT,16.52,14.11,1.171,RISING,FLAT,CONTANGO,0.466,—,—,0,0,0,NO_TRADE,False,0,—,0,0,0,0,14,4,,,,,,,,,,,
2024-09-20,80,SKIP,16.36,8.34,1.961,STABLE,FLAT,CONTANGO,0.327,—,—,0,0,0,VP_CAP,False,0,—,0,0,0,30,20,4,,,,,,,,,,,
2024-09-23,77,SKIP,16.11,13.17,1.223,FALLING,FLAT,CONTANGO,0.185,—,—,0,0,0,ENV_BLOCK,False,0,—,0,0,0,27,20,4,,,,,,,,,,,
2024-09-24,51,WAIT,15.95,10.41,1.532,RISING,FLAT,CONTANGO,0.429,—,—,0,0,0,NO_TRADE,False,0,—,0,0,0,15,14,4,,,,,,,,,,,
2024-09-25,72,SKIP,15.31,7.7,1.988,STABLE,FLAT,CONTANGO,0.154,—,—,0,0,0,VP_CAP,False,0,—,0,0,0,30,20,4,,,,,,,,,,,
2024-09-26,72,SKIP,15.25,8.96,1.703,FALLING,FLAT,CONTANGO,0.222,—,—,0,0,0,VP_CAP,False,0,—,0,0,0,30,20,4,,,,,,,,,,,
2024-09-27,72,SKIP,15.48,6.73,2.299,FALLING,FLAT,CONTANGO,0.154,—,—,0,0,0,VP_CAP,False,0,—,0,0,0,30,20,4,,,,,,,,,,,
2024-09-30,88,SKIP,17.18,7.94,2.164,FALLING,FLAT,FLAT,0.224,—,—,0,0,0,VP_CAP,False,0,—,0,0,0,30,20,12,,,,,,,,,,,
2024-10-01,53,WAIT,19.04,18.25,1.044,STABLE,FLAT,FLAT,0.864,—,—,0,0,0,NO_TRADE,False,0,—,0,0,0,15,0,12,,,,,,,,,,,
2024-10-02,59,SKIP,19.52,14.11,1.383,RISING,FLAT,FLAT,0.424,—,—,0,0,0,VIX_CAP,False,0,—,0,0,0,7,14,12,,,,,,,,,,,
2024-10-03,88,SKIP,19.49,12.81,1.522,STABLE,FLAT,FLAT,0.313,—,—,0,0,0,VIX_CAP,False,0,—,0,0,0,30,20,12,,,,,,,,,,,
2024-10-04,66,SKIP,19.64,14.68,1.338,STABLE,FLAT,CONTANGO,0.463,—,—,0,0,0,VIX_CAP,False,0,—,0,0,0,22,14,4,,,,,,,,,,,
2024-10-07,80,SKIP,21.05,10.39,2.026,STABLE,FLAT,CONTANGO,0.218,—,—,0,0,0,VIX_CAP,False,0,—,0,0,0,30,20,4,,,,,,,,,,,
2024-10-08,80,SKIP,21.55,9.73,2.215,STABLE,FLAT,CONTANGO,0.311,—,—,0,0,0,VIX_CAP,False,0,—,0,0,0,30,20,4,,,,,,,,,,,
2024-10-09,80,SKIP,21.04,8.52,2.469,FALLING,FLAT,CONTANGO,0.207,—,—,0,0,0,VIX_CAP,False,0,—,0,0,0,30,20,4,,,,,,,,,,,
2024-10-10,65,SKIP,21.08,12.91,1.632,RISING,FLAT,CONTANGO,0.292,—,—,0,0,0,VIX_CAP,False,0,—,0,0,0,15,20,4,,,,,,,,,,,
2024-10-11,80,SKIP,20.63,9.59,2.151,FALLING,FLAT,CONTANGO,0.341,—,—,0,0,0,VIX_CAP,False,0,—,0,0,0,30,20,4,,,,,,,,,,,
2024-10-14,74,SKIP,20.38,6.22,3.279,FALLING,FLAT,CONTANGO,0.423,—,—,0,0,0,VIX_CAP,False,0,—,0,0,0,30,14,4,,,,,,,,,,,
2024-10-15,80,SKIP,19.5,7.78,2.508,STABLE,FLAT,CONTANGO,0.179,—,—,0,0,0,VIX_CAP,False,0,—,0,0,0,30,20,4,,,,,,,,,,,
2024-10-16,80,SKIP,20.86,7.98,2.613,STABLE,FLAT,CONTANGO,0.165,—,—,0,0,0,VIX_CAP,False,0,—,0,0,0,30,20,4,,,,,,,,,,,
2024-10-17,71,SKIP,19.4,14.15,1.371,FALLING,FLAT,CONTANGO,0.428,—,—,0,0,0,VIX_CAP,False,0,—,0,0,0,27,14,4,,,,,,,,,,,
2024-10-18,80,SKIP,18.83,9.54,1.974,FALLING,FLAT,CONTANGO,0.299,—,—,0,0,0,VIX_CAP,False,0,—,0,0,0,30,20,4,,,,,,,,,,,
2024-10-21,80,SKIP,18.87,5.59,3.374,STABLE,FLAT,CONTANGO,0.133,—,—,0,0,0,VIX_CAP,False,0,—,0,0,0,30,20,4,,,,,,,,,,,
2024-10-22,65,SKIP,19.18,8.46,2.268,RISING,FLAT,CONTANGO,0.199,—,—,0,0,0,VIX_CAP,False,0,—,0,0,0,15,20,4,,,,,,,,,,,
2024-10-23,80,SKIP,18.54,6.89,2.692,STABLE,FLAT,CONTANGO,0.117,—,—,0,0,0,VIX_CAP,False,0,—,0,0,0,30,20,4,,,,,,,,,,,
2024-10-24,65,SKIP,19.04,10.45,1.823,RISING,FLAT,CONTANGO,0.239,—,—,0,0,0,VIX_CAP,False,0,—,0,0,0,15,20,4,,,,,,,,,,,
2024-10-25,74,SKIP,18.3,7.55,2.424,STABLE,FLAT,CONTANGO,0.483,—,—,0,0,0,VIX_CAP,False,0,—,0,0,0,30,14,4,,,,,,,,,,,
2024-10-28,96,SKIP,19.22,9.12,2.108,STABLE,FLAT,INVERTED,0.186,—,—,0,0,0,VIX_CAP,False,0,—,0,0,0,30,20,20,,,,,,,,,,,
2024-10-29,96,SKIP,19.98,9.45,2.114,STABLE,FLAT,INVERTED,0.323,—,—,0,0,0,VIX_CAP,False,0,—,0,0,0,30,20,20,,,,,,,,,,,
2024-10-30,90,SKIP,19.61,12.35,1.588,FALLING,FLAT,INVERTED,0.454,—,—,0,0,0,VIX_CAP,False,0,—,0,0,0,30,14,20,,,,,,,,,,,
2024-10-31,82,SKIP,21.8,14.67,1.486,STABLE,FLAT,INVERTED,0.469,—,—,0,0,0,VIX_CAP,False,0,—,0,0,0,22,14,20,,,,,,,,,,,
2024-11-01,90,SKIP,21.66,8.23,2.631,FALLING,FLAT,INVERTED,0.495,—,—,0,0,0,VIX_CAP,False,0,—,0,0,0,30,14,20,,,,,,,,,,,
2024-11-04,87,SKIP,22.34,15.7,1.423,FALLING,FLAT,INVERTED,0.442,—,—,0,0,0,VIX_CAP,False,0,—,0,0,0,27,14,20,,,,,,,,,,,
2024-11-05,90,SKIP,20.83,10.71,1.946,STABLE,FLAT,INVERTED,0.671,—,—,0,0,0,VIX_CAP,False,0,—,0,0,0,30,14,20,,,,,,,,,,,
2024-11-06,52,WAIT,16.58,16.64,0.997,STABLE,FALLING,FLAT,0.694,—,—,0,0,0,NO_TRADE,False,0,—,0,0,0,10,4,12,,,,,,,,,,,
2024-11-07,80,SKIP,15.58,8.09,1.926,FALLING,FLAT,FLAT,0.196,—,—,0,0,0,VP_CAP,False,0,—,0,0,0,30,20,12,,,,,,,,,,,
2024-11-08,72,SKIP,14.73,7.3,2.017,FALLING,FLAT,CONTANGO,0.246,—,—,0,0,0,VP_CAP,False,0,—,0,0,0,30,20,4,,,,,,,,,,,
2024-11-11,80,SKIP,15.43,9.13,1.691,STABLE,FLAT,FLAT,0.195,—,—,0,0,0,VP_CAP,False,0,—,0,0,0,30,20,12,,,,,,,,,,,
2024-11-12,72,SKIP,14.82,7.57,1.957,FALLING,FLAT,CONTANGO,0.179,—,—,0,0,0,VP_CAP,False,0,—,0,0,0,30,20,4,,,,,,,,,,,
2024-11-13,49,WAIT,14.57,10.2,1.428,RISING,FLAT,CONTANGO,0.22,—,—,0,0,0,NO_TRADE,False,0,—,0,0,0,7,20,4,,,,,,,,,,,
2024-11-14,57,GO,14.07,12.14,1.159,STABLE,FLAT,CONTANGO,0.353,LIVE,LIVE,15,31440.0,-21090.0,TIME_STOP,True,-4797.0,DRIFT_TIME_STOP,-25887.0,31.4,40,15,20,4,2.61,-3.31,-13.06,7.65,,,2024-11-14 14:53:00-05:00,,,,
2024-11-15,64,GO,14.99,11.5,1.304,STABLE,FLAT,CONTANGO,0.296,LIVE,LIVE,17,32317.000000000004,-22576.0,WING_STOP,False,0,—,-22576.0,32.3,40,22,20,4,,,,,,,,,,-12.28,2024-11-15 13:47:00-05:00
2024-11-18,88,SKIP,16.37,9.48,1.727,STABLE,FLAT,FLAT,0.184,—,—,0,0,0,VP_CAP,False,0,—,0,0,0,30,20,12,,,,,,,,,,,
2024-11-19,50,WAIT,16.91,14.2,1.191,RISING,FLAT,CONTANGO,0.279,—,—,0,0,0,NO_TRADE,False,0,—,0,0,0,0,20,4,,,,,,,,,,,
2024-11-20,66,GO,17.47,14.48,1.206,STABLE,FLAT,CONTANGO,0.524,LIVE,LIVE,12,31560.0,13260.0,TARGET,True,25242.0,DRIFT2_TARGET,38502.0,31.6,50,22,14,4,,,,9.57,12.05,12.05,2024-11-20 14:01:00-05:00,2024-11-20 14:34:00-05:00,2024-11-20 14:34:00-05:00,,
2024-11-21,38,WAIT,17.01,22.75,0.748,FALLING,FLAT,CONTANGO,0.819,—,—,0,0,0,NO_TRADE,False,0,—,0,0,0,8,0,4,,,,,,,,,,,
2024-11-22,59,GO,16.15,15.08,1.071,STABLE,FLAT,CONTANGO,0.477,LIVE,LIVE,14,32900.0,14210.0,TARGET,True,14126.0,DRIFT_TARGET,28336.0,32.9,45,15,14,4,,,,8.72,9.91,11.15,2024-11-22 13:05:00-05:00,2024-11-22 14:03:00-05:00,2024-11-22 14:48:00-05:00,,
2024-11-25,51,WAIT,14.84,14.73,1.008,STABLE,FLAT,CONTANGO,0.475,—,—,0,0,0,NO_TRADE,False,0,—,0,0,0,15,14,4,,,,,,,,,,,
2024-11-26,69,SKIP,14.27,10.94,1.305,FALLING,FLAT,CONTANGO,0.189,—,—,0,0,0,ENV_BLOCK,False,0,—,0,0,0,27,20,4,,,,,,,,,,,
2024-11-27,72,SKIP,14.09,8.51,1.656,FALLING,FLAT,CONTANGO,0.18,—,—,0,0,0,VP_CAP,False,0,—,0,0,0,30,20,4,,,,,,,,,,,
2024-11-29,72,SKIP,13.66,6.55,2.085,STABLE,FLAT,CONTANGO,0.264,—,—,0,0,0,VP_CAP,False,0,—,0,0,0,30,20,4,,,,,,,,,,,
2024-12-02,72,SKIP,13.79,7.61,1.811,STABLE,FLAT,CONTANGO,0.196,—,—,0,0,0,VP_CAP,False,0,—,0,0,0,30,20,4,,,,,,,,,,,
2024-12-03,72,SKIP,13.59,6.34,2.143,FALLING,FLAT,CONTANGO,0.185,—,—,0,0,0,VP_CAP,False,0,—,0,0,0,30,20,4,,,,,,,,,,,
2024-12-04,72,SKIP,13.06,7.21,1.812,STABLE,FLAT,CONTANGO,0.125,—,—,0,0,0,VP_CAP,False,0,—,0,0,0,30,20,4,,,,,,,,,,,
2024-12-05,72,SKIP,13.41,5.43,2.467,STABLE,FLAT,CONTANGO,0.105,—,—,0,0,0,VP_CAP,False,0,—,0,0,0,30,20,4,,,,,,,,,,,
2024-12-06,72,SKIP,13.06,6.99,1.869,STABLE,FLAT,CONTANGO,0.299,—,—,0,0,0,VP_CAP,False,0,—,0,0,0,30,20,4,,,,,,,,,,,
2024-12-09,72,SKIP,13.45,7.89,1.704,FALLING,FLAT,CONTANGO,0.146,—,—,0,0,0,VP_CAP,False,0,—,0,0,0,30,20,4,,,,,,,,,,,
2024-12-10,64,GO,14.13,9.92,1.424,STABLE,FLAT,CONTANGO,0.182,LIVE,LIVE,12,31404.0,-13680.0,TIME_STOP,True,0,TIMEADD_BLOCKED (FLAT/FALLING),-13680.0,31.4,40,22,20,4,-1.97,-10.67,-10.4,5.6,,,2024-12-10 12:34:00-05:00,,,,
2024-12-11,72,SKIP,13.66,6.47,2.113,STABLE,FLAT,CONTANGO,0.279,—,—,0,0,0,VP_CAP,False,0,—,0,0,0,30,20,4,,,,,,,,,,,
2024-12-12,72,SKIP,13.81,8.96,1.542,FALLING,FLAT,CONTANGO,0.162,—,—,0,0,0,VP_CAP,False,0,—,0,0,0,30,20,4,,,,,,,,,,,
2024-12-13,72,SKIP,13.49,6.72,2.007,STABLE,FLAT,CONTANGO,0.179,—,—,0,0,0,VP_CAP,False,0,—,0,0,0,30,20,4,,,,,,,,,,,
2024-12-16,72,SKIP,14.23,8.27,1.72,FALLING,FLAT,CONTANGO,0.174,—,—,0,0,0,VP_CAP,False,0,—,0,0,0,30,20,4,,,,,,,,,,,
2024-12-17,72,SKIP,15.23,9.94,1.533,STABLE,FLAT,CONTANGO,0.205,—,—,0,0,0,VP_CAP,False,0,—,0,0,0,30,20,4,,,,,,,,,,,
2024-12-18,72,SKIP,15.33,7.41,2.068,FALLING,FLAT,CONTANGO,0.23,—,—,0,0,0,VP_CAP,False,0,—,0,0,0,30,20,4,,,,,,,,,,,
2024-12-19,67,SKIP,21.4,21.75,0.984,FALLING,FLAT,FLAT,0.531,—,—,0,0,0,VP_SKIP,False,0,—,0,0,0,15,14,12,,,,,,,,,,,
2024-12-20,59,SKIP,22.26,23.96,0.929,FALLING,FLAT,CONTANGO,0.564,—,—,0,0,0,VP_SKIP,False,0,—,0,0,0,15,14,4,,,,,,,,,,,
2024-12-23,74,SKIP,18.93,15.31,1.237,STABLE,FLAT,FLAT,0.45,—,—,0,0,0,VIX_CAP,False,0,—,0,0,0,22,14,12,,,,,,,,,,,
2024-12-24,80,SKIP,16.54,8.47,1.953,FALLING,FLAT,CONTANGO,0.313,—,—,0,0,0,VP_CAP,False,0,—,0,0,0,30,20,4,,,,,,,,,,,
2024-12-26,42,WAIT,15.27,13.65,1.119,RISING,FLAT,CONTANGO,0.362,—,—,0,0,0,NO_TRADE,False,0,—,0,0,0,0,20,4,,,,,,,,,,,
2024-12-27,50,WAIT,16.43,14.21,1.156,RISING,FLAT,CONTANGO,0.339,—,—,0,0,0,NO_TRADE,False,0,—,0,0,0,0,20,4,,,,,,,,,,,
2024-12-30,50,WAIT,19.21,17.3,1.111,FALLING,FLAT,CONTANGO,0.85,—,—,0,0,0,NO_TRADE,False,0,—,0,0,0,20,0,4,,,,,,,,,,,
2024-12-31,65,GO,16.97,15.02,1.13,STABLE,FLAT,CONTANGO,0.327,LIVE,LIVE,21,32760.0,-13650.0,WING_STOP,False,0,—,-13650.0,32.8,45,15,20,4,,,,,,,,,,-5.5,2024-12-31 12:32:00-05:00
2025-01-02,45,WAIT,17.28,19.93,0.867,FALLING,RISING,CONTANGO,0.708,—,—,0,0,0,NO_TRADE,False,0,—,0,0,0,15,0,4,,,,,,,,,,,
2025-01-03,44,WAIT,17.37,20.13,0.863,RISING,FLAT,CONTANGO,0.458,—,—,0,0,0,NO_TRADE,False,0,—,0,0,0,0,14,4,,,,,,,,,,,
2025-01-06,65,GO,16.01,14.48,1.105,STABLE,FLAT,CONTANGO,0.39,LIVE,LIVE,13,31941.0,-21294.0,TIME_STOP,True,-45910.0,DRIFT2_TIME_STOP,-67204.0,31.9,45,15,20,4,-16.99,-7.97,-15.38,,,,,,,,
2025-01-07,44,WAIT,16.28,16.35,0.995,RISING,FLAT,CONTANGO,0.445,—,—,0,0,0,NO_TRADE,False,0,—,0,0,0,0,14,4,,,,,,,,,,,
2025-01-08,50,WAIT,19.03,19.64,0.969,RISING,FLAT,CONTANGO,0.371,—,—,0,0,0,NO_TRADE,False,0,—,0,0,0,0,20,4,,,,,,,,,,,
2025-01-10,38,WAIT,19.54,25.62,0.763,RISING,FLAT,FLAT,0.956,—,—,0,0,0,NO_TRADE,False,0,—,0,0,0,0,0,12,,,,,,,,,,,
2025-01-13,79,SKIP,20.6,16.6,1.241,FALLING,FLAT,FLAT,0.522,—,—,0,0,0,VIX_CAP,False,0,—,0,0,0,27,14,12,,,,,,,,,,,
2025-01-14,59,SKIP,18.86,14.87,1.268,RISING,FLAT,FLAT,0.514,—,—,0,0,0,VIX_CAP,False,0,—,0,0,0,7,14,12,,,,,,,,,,,
2025-01-15,64,SKIP,16.68,14.73,1.132,FALLING,FLAT,CONTANGO,0.656,—,—,0,0,0,ENV_BLOCK,False,0,—,0,0,0,20,14,4,,,,,,,,,,,
2025-01-16,66,GO,16.23,12.22,1.328,STABLE,FLAT,CONTANGO,0.454,LIVE,LIVE,17,33150.0,20417.0,TARGET,True,14630.0,ADD_BLOCKED (FLAT/RISING),35047.0,33.2,45,22,14,4,,,,10.37,11.52,13.01,2025-01-16 14:02:00-05:00,2025-01-16 14:15:00-05:00,2025-01-16 14:33:00-05:00,,
2025-01-17,64,GO,15.73,12.69,1.24,STABLE,FLAT,CONTANGO,0.364,LIVE,LIVE,15,31650.0,4425.0,TIME_STOP,True,0,ADD_BLOCKED (FLAT/FALLING),4425.0,31.6,45,22,20,4,7.67,5.79,3.95,,,,,,,,
2025-01-21,50,WAIT,15.66,17.76,0.882,RISING,FLAT,FLAT,0.373,—,—,0,0,0,NO_TRADE,False,0,—,0,0,0,0,20,12,,,,,,,,,,,
2025-01-22,72,SKIP,15.1,7.41,2.039,FALLING,FLAT,CONTANGO,0.211,—,—,0,0,0,VP_CAP,False,0,—,0,0,0,30,20,4,,,,,,,,,,,
2025-01-23,72,SKIP,14.9,5.87,2.537,FALLING,FLAT,CONTANGO,0.169,—,—,0,0,0,VP_CAP,False,0,—,0,0,0,30,20,4,,,,,,,,,,,
2025-01-24,72,SKIP,14.74,7.6,1.94,FALLING,FLAT,CONTANGO,0.164,—,—,0,0,0,VP_CAP,False,0,—,0,0,0,30,20,4,,,,,,,,,,,
2025-01-27,66,SKIP,18.48,17.35,1.065,FALLING,FLAT,INVERTED,0.742,—,—,0,0,0,VIX_CAP,False,0,—,0,0,0,20,0,20,,,,,,,,,,,
2025-01-28,52,WAIT,17.8,17.58,1.013,RISING,FLAT,FLAT,0.548,—,—,0,0,0,NO_TRADE,False,0,—,0,0,0,0,14,12,,,,,,,,,,,
2025-01-29,85,SKIP,16.82,11.93,1.41,FALLING,FLAT,FLAT,0.255,—,—,0,0,0,ENV_BLOCK,False,0,—,0,0,0,27,20,12,,,,,,,,,,,
2025-01-30,54,WAIT,15.64,16.13,0.97,STABLE,FLAT,FLAT,0.493,—,—,0,0,0,NO_TRADE,False,0,—,0,0,0,10,14,12,,,,,,,,,,,
2025-01-31,72,SKIP,15.3,9.23,1.657,FALLING,FLAT,CONTANGO,0.203,—,—,0,0,0,VP_CAP,False,0,—,0,0,0,30,20,4,,,,,,,,,,,
2025-02-03,70,SKIP,19.4,21.24,0.913,STABLE,FLAT,INVERTED,0.626,—,—,0,0,0,VP_SKIP,False,0,—,0,0,0,10,14,20,,,,,,,,,,,
2025-02-04,79,SKIP,17.5,11.95,1.464,FALLING,FLAT,FLAT,0.448,—,—,0,0,0,ENV_BLOCK,False,0,—,0,0,0,27,14,12,,,,,,,,,,,
2025-02-05,73,SKIP,16.83,10.08,1.669,RISING,FLAT,FLAT,0.264,—,—,0,0,0,VP_CAP,False,0,—,0,0,0,15,20,12,,,,,,,,,,,
2025-02-06,72,SKIP,15.67,8.67,1.807,FALLING,FLAT,CONTANGO,0.186,—,—,0,0,0,VP_CAP,False,0,—,0,0,0,30,20,4,,,,,,,,,,,
2025-02-07,36,WAIT,15.06,17.13,0.879,RISING,FLAT,CONTANGO,0.451,—,—,0,0,0,NO_TRADE,False,0,—,0,0,0,0,14,4,,,,,,,,,,,
2025-02-10,80,SKIP,16.23,9.57,1.695,STABLE,FLAT,CONTANGO,0.243,—,—,0,0,0,VP_CAP,False,0,—,0,0,0,30,20,4,,,,,,,,,,,
2025-02-11,80,SKIP,16.19,6.93,2.336,STABLE,FLAT,CONTANGO,0.261,—,—,0,0,0,VP_CAP,False,0,—,0,0,0,30,20,4,,,,,,,,,,,
2025-02-12,66,GO,16.46,12.9,1.275,STABLE,FLAT,CONTANGO,0.524,LIVE,LIVE,15,31560.0,9015.0,TIME_STOP,True,-17938.0,DRIFT2_TIME_STOP,-8923.0,31.6,45,22,14,4,-1.69,0.71,7.01,,,,,,,,
2025-02-13,69,SKIP,15.52,12.66,1.226,FALLING,FLAT,CONTANGO,0.302,—,—,0,0,0,ENV_BLOCK,False,0,—,0,0,0,27,20,4,,,,,,,,,,,
2025-02-14,72,SKIP,14.98,7.28,2.058,FALLING,FLAT,CONTANGO,0.134,—,—,0,0,0,VP_CAP,False,0,—,0,0,0,30,20,4,,,,,,,,,,,
2025-02-18,57,SKIP,15.9,8.18,1.943,RISING,FLAT,CONTANGO,0.192,—,—,0,0,0,VP_CAP,False,0,—,0,0,0,15,20,4,,,,,,,,,,,
2025-02-19,72,SKIP,15.75,6.88,2.291,STABLE,FLAT,CONTANGO,0.112,—,—,0,0,0,VP_CAP,False,0,—,0,0,0,30,20,4,,,,,,,,,,,
2025-02-20,37,WAIT,16.49,11.05,1.493,RISING,FALLING,CONTANGO,0.74,—,—,0,0,0,NO_TRADE,False,0,—,0,0,0,7,0,4,,,,,,,,,,,
2025-02-21,69,SKIP,15.72,11.31,1.39,FALLING,FLAT,CONTANGO,0.394,—,—,0,0,0,ENV_BLOCK,False,0,—,0,0,0,27,20,4,,,,,,,,,,,
2025-02-24,60,SKIP,19.11,14.84,1.288,STABLE,FALLING,FLAT,0.738,—,—,0,0,0,VIX_CAP,False,0,—,0,0,0,22,0,12,,,,,,,,,,,
2025-02-25,62,SKIP,20.06,22.28,0.9,STABLE,FLAT,FLAT,0.649,—,—,0,0,0,VP_SKIP,False,0,—,0,0,0,10,14,12,,,,,,,,,,,
2025-02-26,74,SKIP,18.72,15.33,1.221,STABLE,FLAT,FLAT,0.457,—,—,0,0,0,VIX_CAP,False,0,—,0,0,0,22,14,12,,,,,,,,,,,
2025-02-27,48,WAIT,20.05,20.83,0.963,STABLE,FALLING,FLAT,1.193,—,—,0,0,0,NO_TRADE,False,0,—,0,0,0,10,0,12,,,,,,,,,,,
2025-02-28,60,SKIP,20.81,27.96,0.744,FALLING,FLAT,FLAT,0.605,—,—,0,0,0,VP_SKIP,False,0,—,0,0,0,8,14,12,,,,,,,,,,,
2025-03-03,56,SKIP,20.97,22.25,0.942,STABLE,FALLING,INVERTED,1.121,—,—,0,0,0,VP_SKIP,False,0,—,0,0,0,10,0,20,,,,,,,,,,,
2025-03-04,56,SKIP,25.3,26.57,0.952,STABLE,FLAT,INVERTED,0.938,—,—,0,0,0,VP_SKIP,False,0,—,0,0,0,10,0,20,,,,,,,,,,,
2025-03-05,46,WAIT,24.56,38.51,0.638,RISING,FLAT,INVERTED,0.725,—,—,0,0,0,NO_TRADE,False,0,—,0,0,0,0,0,20,,,,,,,,,,,
2025-03-06,75,SKIP,24.23,20.73,1.169,STABLE,FLAT,INVERTED,0.68,—,—,0,0,0,VIX_CAP,False,0,—,0,0,0,15,14,20,,,,,,,,,,,
2025-03-07,56,SKIP,24.21,28.21,0.858,STABLE,FLAT,INVERTED,0.887,—,—,0,0,0,VP_SKIP,False,0,—,0,0,0,10,0,20,,,,,,,,,,,
2025-03-10,75,SKIP,26.45,27.64,0.957,FALLING,FLAT,INVERTED,0.583,—,—,0,0,0,VP_SKIP,False,0,—,0,0,0,15,14,20,,,,,,,,,,,
2025-03-11,70,SKIP,27.49,31.24,0.88,STABLE,FLAT,INVERTED,0.589,—,—,0,0,0,VP_SKIP,False,0,—,0,0,0,10,14,20,,,,,,,,,,,
2025-03-12,56,SKIP,25.87,25.95,0.997,STABLE,FALLING,INVERTED,0.862,—,—,0,0,0,VP_SKIP,False,0,—,0,0,0,10,0,20,,,,,,,,,,,
2025-03-13,73,SKIP,24.66,20.04,1.231,FALLING,FALLING,INVERTED,0.79,—,—,0,0,0,VIX_CAP,False,0,—,0,0,0,27,0,20,,,,,,,,,,,
2025-03-14,38,WAIT,23.74,24.22,0.98,RISING,FLAT,FLAT,0.72,—,—,0,0,0,NO_TRADE,False,0,—,0,0,0,0,0,12,,,,,,,,,,,
2025-03-17,75,SKIP,21.0,17.64,1.191,STABLE,FLAT,INVERTED,0.677,—,—,0,0,0,VIX_CAP,False,0,—,0,0,0,15,14,20,,,,,,,,,,,
2025-03-18,66,SKIP,22.55,19.09,1.181,FALLING,FALLING,INVERTED,0.807,—,—,0,0,0,VIX_CAP,False,0,—,0,0,0,20,0,20,,,,,,,,,,,
2025-03-19,74,SKIP,21.0,16.26,1.292,STABLE,FLAT,FLAT,0.514,—,—,0,0,0,VIX_CAP,False,0,—,0,0,0,22,14,12,,,,,,,,,,,
2025-03-20,65,SKIP,19.69,15.4,1.279,FALLING,FLAT,FLAT,0.885,—,—,0,0,0,VIX_CAP,False,0,—,0,0,0,27,0,12,,,,,,,,,,,
2025-03-21,60,SKIP,20.65,24.46,0.844,FALLING,FLAT,FLAT,0.448,—,—,0,0,0,VP_SKIP,False,0,—,0,0,0,8,14,12,,,,,,,,,,,
2025-03-24,90,SKIP,18.61,9.11,2.043,FALLING,FLAT,INVERTED,0.62,—,—,0,0,0,VIX_CAP,False,0,—,0,0,0,30,14,20,,,,,,,,,,,
2025-03-25,93,SKIP,17.51,11.96,1.465,FALLING,FLAT,INVERTED,0.274,—,—,0,0,0,ENV_BLOCK,False,0,—,0,0,0,27,20,20,,,,,,,,,,,
2025-03-26,87,SKIP,17.57,11.89,1.478,FALLING,FLAT,INVERTED,0.483,—,—,0,0,0,ENV_BLOCK,False,0,—,0,0,0,27,14,20,,,,,,,,,,,
2025-03-27,56,SKIP,18.49,18.7,0.989,STABLE,RISING,INVERTED,0.709,—,—,0,0,0,VP_SKIP,False,0,—,0,0,0,10,0,20,,,,,,,,,,,
2025-03-28,80,SKIP,19.41,18.97,1.023,FALLING,FLAT,INVERTED,0.596,—,—,0,0,0,VIX_CAP,False,0,—,0,0,0,20,14,20,,,,,,,,,,,
2025-03-31,61,SKIP,23.57,21.66,1.088,STABLE,FLAT,INVERTED,0.709,—,—,0,0,0,VIX_CAP,False,0,—,0,0,0,15,0,20,,,,,,,,,,,
2025-04-01,75,SKIP,22.54,20.17,1.117,STABLE,FLAT,INVERTED,0.438,—,—,0,0,0,VIX_CAP,False,0,—,0,0,0,15,14,20,,,,,,,,,,,
2025-04-02,61,SKIP,22.49,20.94,1.074,STABLE,FLAT,INVERTED,0.861,—,—,0,0,0,VIX_CAP,False,0,—,0,0,0,15,0,20,,,,,,,,,,,
2025-04-03,56,SKIP,26.84,27.9,0.962,STABLE,FLAT,INVERTED,0.703,—,—,0,0,0,VP_SKIP,False,0,—,0,0,0,10,0,20,,,,,,,,,,,
2025-04-04,30,SKIP,36.52,51.76,0.706,RISING,FLAT,INVERTED,1.58,—,—,0,0,0,NO_TRADE,False,0,—,0,0,0,0,0,20,,,,,,,,,,,
2025-04-07,38,WAIT,48.05,73.5,0.654,FALLING,RISING,INVERTED,3.165,—,—,0,0,0,NO_TRADE,False,0,—,0,0,0,8,0,20,,,,,,,,,,,
2025-04-08,40,WAIT,36.99,42.93,0.862,STABLE,RISING,INVERTED,1.146,—,—,0,0,0,NO_TRADE,False,0,—,0,0,0,10,0,20,,,,,,,,,,,
2025-04-09,38,WAIT,49.3,67.74,0.728,FALLING,RISING,INVERTED,1.84,—,—,0,0,0,NO_TRADE,False,0,—,0,0,0,8,0,20,,,,,,,,,,,
2025-04-10,38,WAIT,36.98,51.55,0.717,FALLING,FLAT,INVERTED,0.954,—,—,0,0,0,NO_TRADE,False,0,—,0,0,0,8,0,20,,,,,,,,,,,
2025-04-11,38,WAIT,42.89,52.22,0.821,FALLING,RISING,INVERTED,1.415,—,—,0,0,0,NO_TRADE,False,0,—,0,0,0,8,0,20,,,,,,,,,,,
2025-04-14,57,SKIP,32.81,32.03,1.024,STABLE,FLAT,INVERTED,0.879,—,—,0,0,0,VIX_CAP,False,0,—,0,0,0,15,0,20,,,,,,,,,,,
2025-04-15,83,SKIP,29.02,20.58,1.41,FALLING,FLAT,INVERTED,0.659,—,—,0,0,0,VIX_CAP,False,0,—,0,0,0,27,14,20,,,,,,,,,,,
2025-04-16,64,SKIP,31.86,18.51,1.721,STABLE,FALLING,FLAT,0.763,—,—,0,0,0,VIX_CAP,False,0,—,0,0,0,30,0,12,,,,,,,,,,,
2025-04-17,70,SKIP,31.21,21.01,1.486,STABLE,FLAT,FLAT,0.513,—,—,0,0,0,VIX_CAP,False,0,—,0,0,0,22,14,12,,,,,,,,,,,
2025-04-21,72,SKIP,33.32,17.72,1.881,FALLING,FLAT,INVERTED,0.92,—,—,0,0,0,VIX_CAP,False,0,—,0,0,0,30,0,20,,,,,,,,,,,
2025-04-22,86,SKIP,31.06,15.35,2.023,STABLE,FLAT,INVERTED,0.606,—,—,0,0,0,VIX_CAP,False,0,—,0,0,0,30,14,20,,,,,,,,,,,
2025-04-23,54,WAIT,27.93,53.63,0.521,FALLING,FLAT,INVERTED,1.367,—,—,0,0,0,NO_TRADE,False,0,—,0,0,0,8,0,20,,,,,,,,,,,
2025-04-24,76,SKIP,27.39,17.2,1.592,FALLING,RISING,INVERTED,0.821,—,—,0,0,0,VIX_CAP,False,0,—,0,0,0,30,0,20,,,,,,,,,,,
2025-04-25,60,SKIP,26.89,25.92,1.038,RISING,FLAT,INVERTED,0.605,—,—,0,0,0,VIX_CAP,False,0,—,0,0,0,0,14,20,,,,,,,,,,,
2025-04-28,73,SKIP,25.55,18.49,1.382,FALLING,FLAT,INVERTED,0.702,—,—,0,0,0,VIX_CAP,False,0,—,0,0,0,27,0,20,,,,,,,,,,,
2025-04-29,90,SKIP,25.37,16.79,1.511,FALLING,FLAT,INVERTED,0.491,—,—,0,0,0,VIX_CAP,False,0,—,0,0,0,30,14,20,,,,,,,,,,,
2025-04-30,46,WAIT,27.86,24.34,1.145,RISING,FALLING,INVERTED,1.204,—,—,0,0,0,NO_TRADE,False,0,—,0,0,0,0,0,20,,,,,,,,,,,
2025-05-01,67,SKIP,24.55,22.31,1.101,STABLE,FLAT,FLAT,0.433,—,—,0,0,0,VIX_CAP,False,0,—,0,0,0,15,14,12,,,,,,,,,,,
2025-05-02,67,SKIP,23.07,19.82,1.164,STABLE,FLAT,FLAT,0.512,—,—,0,0,0,VIX_CAP,False,0,—,0,0,0,15,14,12,,,,,,,,,,,
2025-05-05,80,SKIP,23.82,16.05,1.484,STABLE,FLAT,FLAT,0.388,—,—,0,0,0,VIX_CAP,False,0,—,0,0,0,22,20,12,,,,,,,,,,,
2025-05-06,67,SKIP,25.08,14.32,1.751,RISING,FLAT,FLAT,0.487,—,—,0,0,0,VIX_CAP,False,0,—,0,0,0,15,14,12,,,,,,,,,,,
2025-05-07,85,SKIP,24.68,16.93,1.458,FALLING,FLAT,FLAT,0.349,—,—,0,0,0,VIX_CAP,False,0,—,0,0,0,27,20,12,,,,,,,,,,,
2025-05-08,88,SKIP,23.07,15.13,1.525,STABLE,FLAT,FLAT,0.342,—,—,0,0,0,VIX_CAP,False,0,—,0,0,0,30,20,12,,,,,,,,,,,
2025-05-09,73,SKIP,21.93,10.49,2.091,RISING,FLAT,FLAT,0.288,—,—,0,0,0,VIX_CAP,False,0,—,0,0,0,15,20,12,,,,,,,,,,,
2025-05-12,74,SKIP,19.32,15.02,1.286,STABLE,FLAT,FLAT,0.509,—,—,0,0,0,VIX_CAP,False,0,—,0,0,0,22,14,12,,,,,,,,,,,
2025-05-13,82,SKIP,17.76,9.66,1.838,STABLE,FLAT,FLAT,0.443,—,—,0,0,0,VP_CAP,False,0,—,0,0,0,30,14,12,,,,,,,,,,,
2025-05-14,52,WAIT,18.56,16.06,1.156,RISING,FLAT,FLAT,0.438,—,—,0,0,0,NO_TRADE,False,0,—,0,0,0,0,14,12,,,,,,,,,,,
2025-05-15,72,SKIP,18.71,13.37,1.399,STABLE,FLAT,CONTANGO,0.243,—,—,0,0,0,VIX_CAP,False,0,—,0,0,0,22,20,4,,,,,,,,,,,
2025-05-16,80,SKIP,17.51,10.62,1.649,STABLE,FLAT,CONTANGO,0.271,—,—,0,0,0,VP_CAP,False,0,—,0,0,0,30,20,4,,,,,,,,,,,
2025-05-19,67,SKIP,18.72,11.04,1.696,RISING,FLAT,FLAT,0.546,—,—,0,0,0,VIX_CAP,False,0,—,0,0,0,15,14,12,,,,,,,,,,,
2025-05-20,65,SKIP,18.3,12.16,1.504,RISING,FLAT,CONTANGO,0.261,—,—,0,0,0,VIX_CAP,False,0,—,0,0,0,15,20,4,,,,,,,,,,,
2025-05-21,80,SKIP,18.67,9.73,1.92,FALLING,FLAT,CONTANGO,0.299,—,—,0,0,0,VIX_CAP,False,0,—,0,0,0,30,20,4,,,,,,,,,,,
2025-05-22,64,SKIP,20.47,20.23,1.012,FALLING,FLAT,CONTANGO,0.545,—,—,0,0,0,VIX_CAP,False,0,—,0,0,0,20,14,4,,,,,,,,,,,
2025-05-23,79,SKIP,23.09,17.56,1.315,FALLING,FLAT,FLAT,0.429,—,—,0,0,0,VIX_CAP,False,0,—,0,0,0,27,14,12,,,,,,,,,,,
2025-05-27,82,SKIP,20.06,12.31,1.63,FALLING,FLAT,FLAT,0.45,—,—,0,0,0,VIX_CAP,False,0,—,0,0,0,30,14,12,,,,,,,,,,,
2025-05-28,73,SKIP,19.05,12.03,1.584,RISING,FLAT,FLAT,0.367,—,—,0,0,0,VIX_CAP,False,0,—,0,0,0,15,20,12,,,,,,,,,,,
2025-05-29,67,SKIP,19.2,16.83,1.141,STABLE,FLAT,FLAT,0.476,—,—,0,0,0,VIX_CAP,False,0,—,0,0,0,15,14,12,,,,,,,,,,,
2025-05-30,44,WAIT,19.56,18.33,1.067,RISING,FLAT,CONTANGO,0.479,—,—,0,0,0,NO_TRADE,False,0,—,0,0,0,0,14,4,,,,,,,,,,,
2025-06-02,38,WAIT,19.88,19.29,1.031,RISING,FALLING,FLAT,0.747,—,—,0,0,0,NO_TRADE,False,0,—,0,0,0,0,0,12,,,,,,,,,,,
2025-06-03,85,SKIP,18.37,12.67,1.45,FALLING,FLAT,FLAT,0.198,—,—,0,0,0,VIX_CAP,False,0,—,0,0,0,27,20,12,,,,,,,,,,,
2025-06-04,65,SKIP,17.81,11.25,1.583,RISING,FLAT,CONTANGO,0.232,—,—,0,0,0,VP_CAP,False,0,—,0,0,0,15,20,4,,,,,,,,,,,
2025-06-05,67,SKIP,18.05,17.91,1.008,STABLE,FLAT,FLAT,0.668,—,—,0,0,0,VIX_CAP,False,0,—,0,0,0,15,14,12,,,,,,,,,,,
2025-06-06,59,SKIP,17.24,9.04,1.907,RISING,FLAT,CONTANGO,0.498,—,—,0,0,0,VP_CAP,False,0,—,0,0,0,15,14,4,,,,,,,,,,,
2025-06-09,80,SKIP,17.37,10.96,1.585,FALLING,FLAT,CONTANGO,0.249,—,—,0,0,0,VP_CAP,False,0,—,0,0,0,30,20,4,,,,,,,,,,,
2025-06-10,80,SKIP,17.08,9.62,1.775,FALLING,FLAT,CONTANGO,0.175,—,—,0,0,0,VP_CAP,False,0,—,0,0,0,30,20,4,,,,,,,,,,,
2025-06-11,65,GO,16.52,14.23,1.161,STABLE,FLAT,CONTANGO,0.315,LIVE,LIVE,14,32284.0,-9534.0,TIME_STOP,False,0,—,-9534.0,32.3,45,15,20,4,-7.48,-8.81,-5.81,,,,,,,,
2025-06-12,80,SKIP,17.93,11.51,1.558,STABLE,FLAT,CONTANGO,0.288,—,—,0,0,0,VP_CAP,False,0,—,0,0,0,30,20,4,,,,,,,,,,,
2025-06-13,80,SKIP,20.88,13.28,1.572,STABLE,FLAT,CONTANGO,0.382,—,—,0,0,0,VIX_CAP,False,0,—,0,0,0,30,20,4,,,,,,,,,,,
2025-06-16,59,SKIP,18.82,12.33,1.527,RISING,FLAT,CONTANGO,0.632,—,—,0,0,0,VIX_CAP,False,0,—,0,0,0,15,14,4,,,,,,,,,,,
2025-06-17,88,SKIP,19.75,9.71,2.033,STABLE,FLAT,FLAT,0.207,—,—,0,0,0,VIX_CAP,False,0,—,0,0,0,30,20,12,,,,,,,,,,,
2025-06-18,88,SKIP,20.33,8.7,2.336,FALLING,FLAT,FLAT,0.348,—,—,0,0,0,VIX_CAP,False,0,—,0,0,0,30,20,12,,,,,,,,,,,
2025-06-20,80,SKIP,19.58,12.01,1.63,STABLE,FLAT,CONTANGO,0.373,—,—,0,0,0,VIX_CAP,False,0,—,0,0,0,30,20,4,,,,,,,,,,,
2025-06-23,74,SKIP,20.15,9.54,2.112,FALLING,FLAT,CONTANGO,0.621,—,—,0,0,0,VIX_CAP,False,0,—,0,0,0,30,14,4,,,,,,,,,,,
2025-06-24,80,SKIP,18.15,9.17,1.98,STABLE,FLAT,CONTANGO,0.292,—,—,0,0,0,VIX_CAP,False,0,—,0,0,0,30,20,4,,,,,,,,,,,
2025-06-25,80,SKIP,17.16,7.95,2.158,STABLE,FLAT,CONTANGO,0.175,—,—,0,0,0,VP_CAP,False,0,—,0,0,0,30,20,4,,,,,,,,,,,
2025-06-26,65,SKIP,16.49,9.48,1.739,RISING,FLAT,CONTANGO,0.215,—,—,0,0,0,VP_CAP,False,0,—,0,0,0,15,20,4,,,,,,,,,,,
2025-06-27,80,SKIP,16.26,7.89,2.06,STABLE,FLAT,CONTANGO,0.363,—,—,0,0,0,VP_CAP,False,0,—,0,0,0,30,20,4,,,,,,,,,,,
2025-06-30,80,SKIP,17.28,8.38,2.061,STABLE,FLAT,CONTANGO,0.183,—,—,0,0,0,VP_CAP,False,0,—,0,0,0,30,20,4,,,,,,,,,,,
2025-07-01,80,SKIP,16.95,6.65,2.55,STABLE,FLAT,CONTANGO,0.245,—,—,0,0,0,VP_CAP,False,0,—,0,0,0,30,20,4,,,,,,,,,,,
2025-07-02,80,SKIP,17.1,9.23,1.852,FALLING,FLAT,CONTANGO,0.192,—,—,0,0,0,VP_CAP,False,0,—,0,0,0,30,20,4,,,,,,,,,,,
2025-07-03,65,SKIP,16.37,7.48,2.188,RISING,FLAT,CONTANGO,0.347,—,—,0,0,0,VP_CAP,False,0,—,0,0,0,15,20,4,,,,,,,,,,,
2025-07-07,80,SKIP,17.6,9.09,1.937,FALLING,FLAT,CONTANGO,0.186,—,—,0,0,0,VP_CAP,False,0,—,0,0,0,30,20,4,,,,,,,,,,,
2025-07-08,80,SKIP,16.91,8.36,2.022,STABLE,FLAT,CONTANGO,0.176,—,—,0,0,0,VP_CAP,False,0,—,0,0,0,30,20,4,,,,,,,,,,,
2025-07-09,59,SKIP,16.01,6.24,2.568,RISING,FLAT,CONTANGO,0.414,—,—,0,0,0,VP_CAP,False,0,—,0,0,0,15,14,4,,,,,,,,,,,
2025-07-10,65,SKIP,16.05,8.12,1.976,RISING,FLAT,CONTANGO,0.221,—,—,0,0,0,VP_CAP,False,0,—,0,0,0,15,20,4,,,,,,,,,,,
2025-07-11,80,SKIP,16.64,8.36,1.991,STABLE,FLAT,CONTANGO,0.303,—,—,0,0,0,VP_CAP,False,0,—,0,0,0,30,20,4,,,,,,,,,,,
2025-07-14,80,SKIP,17.31,11.22,1.543,STABLE,FLAT,CONTANGO,0.276,—,—,0,0,0,VP_CAP,False,0,—,0,0,0,30,20,4,,,,,,,,,,,
2025-07-15,74,SKIP,16.94,9.92,1.707,STABLE,FLAT,CONTANGO,0.403,—,—,0,0,0,VP_CAP,False,0,—,0,0,0,30,14,4,,,,,,,,,,,
2025-07-16,80,SKIP,17.23,11.02,1.564,FALLING,FLAT,CONTANGO,0.327,—,—,0,0,0,VP_CAP,False,0,—,0,0,0,30,20,4,,,,,,,,,,,
2025-07-17,80,SKIP,16.95,7.76,2.185,FALLING,FLAT,CONTANGO,0.338,—,—,0,0,0,VP_CAP,False,0,—,0,0,0,30,20,4,,,,,,,,,,,
2025-07-18,65,SKIP,16.3,8.02,2.033,RISING,FLAT,CONTANGO,0.149,—,—,0,0,0,VP_CAP,False,0,—,0,0,0,15,20,4,,,,,,,,,,,
2025-07-21,59,SKIP,16.67,6.42,2.595,RISING,FLAT,CONTANGO,0.405,—,—,0,0,0,VP_CAP,False,0,—,0,0,0,15,14,4,,,,,,,,,,,
2025-07-22,59,SKIP,17.43,12.79,1.363,RISING,FLAT,FLAT,0.492,—,—,0,0,0,ENV_BLOCK,False,0,—,0,0,0,7,14,12,,,,,,,,,,,
2025-07-23,80,SKIP,16.15,9.6,1.682,STABLE,FLAT,CONTANGO,0.279,—,—,0,0,0,VP_CAP,False,0,—,0,0,0,30,20,4,,,,,,,,,,,
2025-07-24,69,SKIP,15.08,11.25,1.341,FALLING,FLAT,CONTANGO,0.221,—,—,0,0,0,ENV_BLOCK,False,0,—,0,0,0,27,20,4,,,,,,,,,,,
2025-07-25,72,SKIP,15.22,6.47,2.352,FALLING,FLAT,CONTANGO,0.121,—,—,0,0,0,VP_CAP,False,0,—,0,0,0,30,20,4,,,,,,,,,,,
2025-07-28,72,SKIP,15.43,5.69,2.712,STABLE,FLAT,CONTANGO,0.133,—,—,0,0,0,VP_CAP,False,0,—,0,0,0,30,20,4,,,,,,,,,,,
2025-07-29,72,SKIP,14.76,8.75,1.687,STABLE,FLAT,CONTANGO,0.258,—,—,0,0,0,VP_CAP,False,0,—,0,0,0,30,20,4,,,,,,,,,,,
2025-07-30,72,SKIP,15.99,8.75,1.827,FALLING,FLAT,CONTANGO,0.152,—,—,0,0,0,VP_CAP,False,0,—,0,0,0,30,20,4,,,,,,,,,,,
2025-07-31,63,SKIP,15.16,11.19,1.354,FALLING,FLAT,CONTANGO,0.468,—,—,0,0,0,ENV_BLOCK,False,0,—,0,0,0,27,14,4,,,,,,,,,,,
2025-08-01,53,WAIT,21.28,18.06,1.179,STABLE,FLAT,FLAT,1.05,—,—,0,0,0,NO_TRADE,False,0,—,0,0,0,15,0,12,,,,,,,,,,,
2025-08-04,74,SKIP,17.99,8.03,2.24,STABLE,FLAT,CONTANGO,0.631,—,—,0,0,0,VP_CAP,False,0,—,0,0,0,30,14,4,,,,,,,,,,,
2025-08-05,65,SKIP,17.59,11.01,1.598,RISING,FLAT,CONTANGO,0.275,—,—,0,0,0,VP_CAP,False,0,—,0,0,0,15,20,4,,,,,,,,,,,
2025-08-06,50,WAIT,17.53,15.05,1.164,RISING,FLAT,CONTANGO,0.259,—,—,0,0,0,NO_TRADE,False,0,—,0,0,0,0,20,4,,,,,,,,,,,
2025-08-07,77,SKIP,16.18,12.55,1.289,FALLING,FLAT,CONTANGO,0.257,—,—,0,0,0,ENV_BLOCK,False,0,—,0,0,0,27,20,4,,,,,,,,,,,
2025-08-08,72,SKIP,15.87,7.74,2.05,STABLE,FLAT,CONTANGO,0.362,—,—,0,0,0,VP_CAP,False,0,—,0,0,0,30,20,4,,,,,,,,,,,
2025-08-11,72,SKIP,15.85,7.26,2.184,STABLE,FLAT,CONTANGO,0.162,—,—,0,0,0,VP_CAP,False,0,—,0,0,0,30,20,4,,,,,,,,,,,
2025-08-12,39,WAIT,15.6,19.57,0.797,STABLE,FLAT,CONTANGO,0.48,—,—,0,0,0,NO_TRADE,False,0,—,0,0,0,3,14,4,,,,,,,,,,,
2025-08-13,49,WAIT,14.51,10.05,1.444,RISING,FLAT,CONTANGO,0.272,—,—,0,0,0,NO_TRADE,False,0,—,0,0,0,7,20,4,,,,,,,,,,,
2025-08-14,64,GO,14.87,12.09,1.23,STABLE,FLAT,CONTANGO,0.313,LIVE,LIVE,12,31068.0,10380.0,TARGET,True,0,TIMEADD_BLOCKED (FLAT/FALLING),10380.0,31.1,45,22,20,4,,,,7.77,8.73,9.65,2025-08-14 13:42:00-04:00,2025-08-14 13:57:00-04:00,2025-08-14 14:18:00-04:00,,
2025-08-15,43,WAIT,14.98,10.64,1.408,RISING,FLAT,CONTANGO,0.463,—,—,0,0,0,NO_TRADE,False,0,—,0,0,0,7,14,4,,,,,,,,,,,
2025-08-18,80,SKIP,15.57,8.8,1.77,STABLE,FLAT,FLAT,0.191,—,—,0,0,0,VP_CAP,False,0,—,0,0,0,30,20,12,,,,,,,,,,,
2025-08-19,69,SKIP,14.95,11.06,1.352,FALLING,FLAT,CONTANGO,0.227,—,—,0,0,0,ENV_BLOCK,False,0,—,0,0,0,27,20,4,,,,,,,,,,,
2025-08-20,42,WAIT,16.58,13.94,1.19,RISING,FALLING,FLAT,0.687,—,—,0,0,0,NO_TRADE,False,0,—,0,0,0,0,4,12,,,,,,,,,,,
2025-08-21,58,SKIP,16.77,19.13,0.877,RISING,FLAT,FLAT,0.361,—,—,0,0,0,VP_SKIP,False,0,—,0,0,0,0,20,12,,,,,,,,,,,
2025-08-22,38,WAIT,16.29,37.98,0.429,RISING,FLAT,FLAT,0.872,—,—,0,0,0,NO_TRADE,False,0,—,0,0,0,0,0,12,,,,,,,,,,,
2025-08-25,72,SKIP,14.71,8.55,1.721,STABLE,FLAT,CONTANGO,0.203,—,—,0,0,0,VP_CAP,False,0,—,0,0,0,30,20,4,,,,,,,,,,,
2025-08-26,49,WAIT,15.1,11.15,1.354,RISING,FLAT,CONTANGO,0.203,—,—,0,0,0,NO_TRADE,False,0,—,0,0,0,7,20,4,,,,,,,,,,,
2025-08-27,72,SKIP,14.94,8.71,1.715,STABLE,FLAT,CONTANGO,0.174,—,—,0,0,0,VP_CAP,False,0,—,0,0,0,30,20,4,,,,,,,,,,,
2025-08-28,51,WAIT,14.56,14.35,1.015,STABLE,FLAT,CONTANGO,0.439,—,—,0,0,0,NO_TRADE,False,0,—,0,0,0,15,14,4,,,,,,,,,,,
2025-08-29,72,SKIP,15.24,10.12,1.506,STABLE,FLAT,CONTANGO,0.384,—,—,0,0,0,VP_CAP,False,0,—,0,0,0,30,20,4,,,,,,,,,,,
2025-09-02,42,WAIT,17.7,16.89,1.048,RISING,RISING,FLAT,0.663,—,—,0,0,0,NO_TRADE,False,0,—,0,0,0,0,4,12,,,,,,,,,,,
2025-09-03,57,SKIP,17.26,12.28,1.405,RISING,FLAT,CONTANGO,0.237,—,—,0,0,0,ENV_BLOCK,False,0,—,0,0,0,7,20,4,,,,,,,,,,,
2025-09-04,57,SKIP,16.09,10.81,1.488,RISING,FLAT,CONTANGO,0.166,—,—,0,0,0,ENV_BLOCK,False,0,—,0,0,0,7,20,4,,,,,,,,,,,
2025-09-05,42,WAIT,15.06,16.33,0.922,RISING,FLAT,CONTANGO,0.292,—,—,0,0,0,NO_TRADE,False,0,—,0,0,0,0,20,4,,,,,,,,,,,
2025-09-08,64,GO,15.35,11.48,1.337,STABLE,FLAT,CONTANGO,0.173,LIVE,LIVE,11,32065.0,7623.0,TARGET,True,0,TIMEADD_BLOCKED (FLAT/FALLING),7623.0,32.1,45,22,20,4,,,,6.54,7.14,7.93,2025-09-08 13:35:00-04:00,2025-09-08 14:18:00-04:00,2025-09-08 14:29:00-04:00,,
2025-09-10,49,WAIT,14.71,10.85,1.356,RISING,FLAT,CONTANGO,0.209,—,—,0,0,0,NO_TRADE,False,0,—,0,0,0,7,20,4,,,,,,,,,,,
2025-09-11,72,SKIP,14.9,9.36,1.592,STABLE,FLAT,CONTANGO,0.309,—,—,0,0,0,VP_CAP,False,0,—,0,0,0,30,20,4,,,,,,,,,,,
2025-09-12,72,SKIP,14.68,6.66,2.205,STABLE,FLAT,CONTANGO,0.156,—,—,0,0,0,VP_CAP,False,0,—,0,0,0,30,20,4,,,,,,,,,,,
2025-09-15,72,SKIP,15.17,7.2,2.107,FALLING,FLAT,CONTANGO,0.22,—,—,0,0,0,VP_CAP,False,0,—,0,0,0,30,20,4,,,,,,,,,,,
2025-09-16,73,SKIP,16.07,7.29,2.206,RISING,FLAT,FLAT,0.285,—,—,0,0,0,VP_CAP,False,0,—,0,0,0,15,20,12,,,,,,,,,,,
2025-09-17,73,SKIP,16.26,6.26,2.597,RISING,FLAT,FLAT,0.157,—,—,0,0,0,VP_CAP,False,0,—,0,0,0,15,20,12,,,,,,,,,,,
2025-09-18,57,GO,15.23,13.57,1.123,STABLE,FLAT,CONTANGO,0.32,LIVE,LIVE,12,33072.0,12276.0,TARGET,True,10549.0,DRIFT_TARGET,22825.0,33.1,50,15,20,4,,,,9.27,10.19,11.23,2025-09-18 13:41:00-04:00,2025-09-18 13:56:00-04:00,2025-09-18 14:31:00-04:00,,
2025-09-19,72,SKIP,15.68,7.7,2.036,STABLE,FLAT,CONTANGO,0.215,—,—,0,0,0,VP_CAP,False,0,—,0,0,0,30,20,4,,,,,,,,,,,
2025-09-22,72,SKIP,15.94,7.1,2.245,FALLING,FLAT,CONTANGO,0.207,—,—,0,0,0,VP_CAP,False,0,—,0,0,0,30,20,4,,,,,,,,,,,
2025-09-23,80,SKIP,16.18,6.53,2.479,FALLING,FLAT,CONTANGO,0.12,—,—,0,0,0,VP_CAP,False,0,—,0,0,0,30,20,4,,,,,,,,,,,
2025-09-24,65,SKIP,16.78,9.99,1.679,RISING,FLAT,CONTANGO,0.347,—,—,0,0,0,VP_CAP,False,0,—,0,0,0,15,20,4,,,,,,,,,,,
2025-09-25,66,GO,17.4,12.91,1.348,STABLE,FLAT,CONTANGO,0.502,LIVE,LIVE,11,32714.0,10615.0,TIME_STOP,True,11380.0,ADD_BLOCKED (FLAT/FALLING),21995.0,32.7,55,22,14,4,3.33,6.2,10.65,10.11,11.64,,2025-09-25 14:14:00-04:00,2025-09-25 15:37:00-04:00,,,
2025-09-26,71,SKIP,16.09,11.78,1.366,FALLING,FLAT,CONTANGO,0.508,—,—,0,0,0,ENV_BLOCK,False,0,—,0,0,0,27,14,4,,,,,,,,,,,
2025-09-29,72,SKIP,15.96,7.21,2.214,STABLE,FLAT,CONTANGO,0.171,—,—,0,0,0,VP_CAP,False,0,—,0,0,0,30,20,4,,,,,,,,,,,
2025-09-30,65,SKIP,16.19,8.6,1.882,RISING,FLAT,CONTANGO,0.227,—,—,0,0,0,VP_CAP,False,0,—,0,0,0,15,20,4,,,,,,,,,,,
2025-10-01,57,SKIP,16.69,13.86,1.204,RISING,FLAT,CONTANGO,0.341,—,—,0,0,0,ENV_BLOCK,False,0,—,0,0,0,7,20,4,,,,,,,,,,,
2025-10-02,80,SKIP,16.24,9.67,1.68,STABLE,FLAT,CONTANGO,0.3,—,—,0,0,0,VP_CAP,False,0,—,0,0,0,30,20,4,,,,,,,,,,,
2025-10-03,80,SKIP,16.55,9.72,1.704,FALLING,FLAT,CONTANGO,0.276,—,—,0,0,0,VP_CAP,False,0,—,0,0,0,30,20,4,,,,,,,,,,,
2025-10-06,80,SKIP,16.98,7.66,2.215,STABLE,FLAT,CONTANGO,0.261,—,—,0,0,0,VP_CAP,False,0,—,0,0,0,30,20,4,,,,,,,,,,,
2025-10-07,80,SKIP,16.31,7.02,2.323,FALLING,FLAT,CONTANGO,0.158,—,—,0,0,0,VP_CAP,False,0,—,0,0,0,30,20,4,,,,,,,,,,,
2025-10-08,80,SKIP,17.0,8.85,1.921,STABLE,FLAT,CONTANGO,0.187,—,—,0,0,0,VP_CAP,False,0,—,0,0,0,30,20,4,,,,,,,,,,,
2025-10-09,80,SKIP,16.8,9.33,1.801,STABLE,FLAT,CONTANGO,0.373,—,—,0,0,0,VP_CAP,False,0,—,0,0,0,30,20,4,,,,,,,,,,,
2025-10-10,80,SKIP,16.32,10.61,1.538,STABLE,FLAT,CONTANGO,0.325,—,—,0,0,0,VP_CAP,False,0,—,0,0,0,30,20,4,,,,,,,,,,,
2025-10-13,72,SKIP,19.52,19.17,1.018,FALLING,FLAT,FLAT,0.516,—,—,0,0,0,VIX_CAP,False,0,—,0,0,0,20,14,12,,,,,,,,,,,
2025-10-14,58,SKIP,21.77,18.7,1.164,FALLING,FLAT,FLAT,0.718,—,—,0,0,0,VIX_CAP,False,0,—,0,0,0,20,0,12,,,,,,,,,,,
2025-10-15,57,SKIP,19.41,14.52,1.337,RISING,FLAT,CONTANGO,0.373,—,—,0,0,0,VIX_CAP,False,0,—,0,0,0,7,20,4,,,,,,,,,,,
2025-10-16,80,SKIP,20.6,14.86,1.386,STABLE,FLAT,FLAT,0.291,—,—,0,0,0,VIX_CAP,False,0,—,0,0,0,22,20,12,,,,,,,,,,,
2025-10-17,62,SKIP,24.5,25.3,0.968,STABLE,FLAT,FLAT,0.646,—,—,0,0,0,VP_SKIP,False,0,—,0,0,0,10,14,12,,,,,,,,,,,
2025-10-20,73,SKIP,19.45,8.05,2.416,RISING,FLAT,FLAT,0.397,—,—,0,0,0,VIX_CAP,False,0,—,0,0,0,15,20,12,,,,,,,,,,,
2025-10-21,88,SKIP,18.86,11.13,1.695,STABLE,FLAT,FLAT,0.25,—,—,0,0,0,VIX_CAP,False,0,—,0,0,0,30,20,12,,,,,,,,,,,
2025-10-22,88,SKIP,18.44,8.98,2.054,FALLING,FLAT,FLAT,0.221,—,—,0,0,0,VIX_CAP,False,0,—,0,0,0,30,20,12,,,,,,,,,,,
2025-10-23,67,SKIP,18.36,10.5,1.748,RISING,FLAT,FLAT,0.442,—,—,0,0,0,VIX_CAP,False,0,—,0,0,0,15,14,12,,,,,,,,,,,
2025-10-24,59,SKIP,16.46,10.06,1.635,RISING,FLAT,CONTANGO,0.409,—,—,0,0,0,VP_CAP,False,0,—,0,0,0,15,14,4,,,,,,,,,,,
2025-10-27,72,SKIP,15.74,9.22,1.707,FALLING,FLAT,CONTANGO,0.181,—,—,0,0,0,VP_CAP,False,0,—,0,0,0,30,20,4,,,,,,,,,,,
2025-10-28,73,SKIP,16.21,9.91,1.636,RISING,FLAT,FLAT,0.346,—,—,0,0,0,VP_CAP,False,0,—,0,0,0,15,20,12,,,,,,,,,,,
2025-10-29,88,SKIP,16.86,6.16,2.737,STABLE,FLAT,FLAT,0.217,—,—,0,0,0,VP_CAP,False,0,—,0,0,0,30,20,12,,,,,,,,,,,
2025-10-30,49,WAIT,16.62,15.88,1.047,STABLE,RISING,CONTANGO,0.668,—,—,0,0,0,NO_TRADE,False,0,—,0,0,0,15,4,4,,,,,,,,,,,
2025-10-31,74,SKIP,16.81,9.57,1.757,STABLE,FLAT,CONTANGO,0.422,—,—,0,0,0,VP_CAP,False,0,—,0,0,0,30,14,4,,,,,,,,,,,
2025-11-03,59,SKIP,18.14,9.23,1.965,RISING,FLAT,CONTANGO,0.593,—,—,0,0,0,VIX_CAP,False,0,—,0,0,0,15,14,4,,,,,,,,,,,
2025-11-04,54,WAIT,18.26,16.14,1.131,FALLING,RISING,CONTANGO,0.634,—,—,0,0,0,NO_TRADE,False,0,—,0,0,0,20,4,4,,,,,,,,,,,
2025-11-05,71,SKIP,18.24,13.45,1.356,FALLING,FLAT,CONTANGO,0.501,—,—,0,0,0,VIX_CAP,False,0,—,0,0,0,27,14,4,,,,,,,,,,,
2025-11-06,59,SKIP,19.09,16.95,1.126,STABLE,FLAT,CONTANGO,0.623,—,—,0,0,0,VIX_CAP,False,0,—,0,0,0,15,14,4,,,,,,,,,,,
2025-11-07,62,SKIP,21.03,23.72,0.886,STABLE,FLAT,FLAT,0.511,—,—,0,0,0,VP_SKIP,False,0,—,0,0,0,10,14,12,,,,,,,,,,,
2025-11-10,59,SKIP,18.07,9.86,1.833,RISING,FLAT,CONTANGO,0.404,—,—,0,0,0,VIX_CAP,False,0,—,0,0,0,15,14,4,,,,,,,,,,,
2025-11-11,65,SKIP,17.56,9.35,1.878,RISING,FLAT,CONTANGO,0.217,—,—,0,0,0,VP_CAP,False,0,—,0,0,0,15,20,4,,,,,,,,,,,
2025-11-12,57,SKIP,17.48,12.13,1.441,RISING,FLAT,CONTANGO,0.278,—,—,0,0,0,ENV_BLOCK,False,0,—,0,0,0,7,20,4,,,,,,,,,,,
2025-11-13,66,SKIP,18.35,14.08,1.303,STABLE,FLAT,CONTANGO,0.462,—,—,0,0,0,VIX_CAP,False,0,—,0,0,0,22,14,4,,,,,,,,,,,
2025-11-14,53,WAIT,21.72,21.94,0.99,FALLING,RISING,FLAT,0.876,—,—,0,0,0,NO_TRADE,False,0,—,0,0,0,15,0,12,,,,,,,,,,,
2025-11-17,65,SKIP,20.37,16.2,1.258,FALLING,FLAT,FLAT,0.743,—,—,0,0,0,VIX_CAP,False,0,—,0,0,0,27,0,12,,,,,,,,,,,
2025-11-18,46,WAIT,24.95,33.28,0.75,FALLING,FALLING,FLAT,0.841,—,—,0,0,0,NO_TRADE,False,0,—,0,0,0,8,0,12,,,,,,,,,,,
2025-11-19,68,SKIP,22.45,13.91,1.613,FALLING,RISING,FLAT,0.855,—,—,0,0,0,VIX_CAP,False,0,—,0,0,0,30,0,12,,,,,,,,,,,
2025-11-20,64,SKIP,19.54,17.52,1.115,FALLING,FLAT,CONTANGO,0.47,—,—,0,0,0,VIX_CAP,False,0,—,0,0,0,20,14,4,,,,,,,,,,,
2025-11-21,55,SKIP,25.87,30.86,0.838,STABLE,FLAT,FLAT,0.507,—,—,0,0,0,VP_SKIP,False,0,—,0,0,0,3,14,12,,,,,,,,,,,
2025-11-24,55,SKIP,21.88,25.79,0.848,STABLE,FLAT,FLAT,0.607,—,—,0,0,0,VP_SKIP,False,0,—,0,0,0,3,14,12,,,,,,,,,,,
2025-11-25,40,WAIT,20.45,21.07,0.971,STABLE,FLAT,CONTANGO,0.817,—,—,0,0,0,NO_TRADE,False,0,—,0,0,0,10,0,4,,,,,,,,,,,
2025-11-26,80,SKIP,18.11,11.65,1.554,STABLE,FLAT,CONTANGO,0.389,—,—,0,0,0,VIX_CAP,False,0,—,0,0,0,30,20,4,,,,,,,,,,,
2025-11-28,80,SKIP,17.02,9.73,1.749,FALLING,FLAT,CONTANGO,0.195,—,—,0,0,0,VP_CAP,False,0,—,0,0,0,30,20,4,,,,,,,,,,,
2025-12-01,79,SKIP,17.24,13.35,1.292,FALLING,FLAT,FLAT,0.472,—,—,0,0,0,ENV_BLOCK,False,0,—,0,0,0,27,14,12,,,,,,,,,,,
2025-12-02,88,SKIP,16.61,10.56,1.573,STABLE,FLAT,FLAT,0.209,—,—,0,0,0,VP_CAP,False,0,—,0,0,0,30,20,12,,,,,,,,,,,
2025-12-03,85,SKIP,16.74,13.36,1.253,FALLING,FLAT,FLAT,0.269,—,—,0,0,0,ENV_BLOCK,False,0,—,0,0,0,27,20,12,,,,,,,,,,,
2025-12-04,70,SKIP,16.42,15.41,1.065,FALLING,FLAT,CONTANGO,0.382,—,—,0,0,0,ENV_BLOCK,False,0,—,0,0,0,20,20,4,,,,,,,,,,,
2025-12-05,72,SKIP,15.82,7.75,2.041,FALLING,FLAT,CONTANGO,0.258,—,—,0,0,0,VP_CAP,False,0,—,0,0,0,30,20,4,,,,,,,,,,,
2025-12-08,88,SKIP,16.54,7.62,2.172,STABLE,FLAT,FLAT,0.248,—,—,0,0,0,VP_CAP,False,0,—,0,0,0,30,20,12,,,,,,,,,,,
2025-12-09,88,SKIP,16.83,8.05,2.09,FALLING,FLAT,FLAT,0.245,—,—,0,0,0,VP_CAP,False,0,—,0,0,0,30,20,12,,,,,,,,,,,
2025-12-10,88,SKIP,17.14,11.12,1.542,STABLE,FLAT,FLAT,0.286,—,—,0,0,0,VP_CAP,False,0,—,0,0,0,30,20,12,,,,,,,,,,,
2025-12-11,34,SKIP,16.67,14.24,1.17,RISING,FALLING,CONTANGO,0.523,—,—,0,0,0,NO_TRADE,False,0,—,0,0,0,0,4,4,,,,,,,,,,,
2025-12-12,64,GO,15.11,10.86,1.391,STABLE,FLAT,CONTANGO,0.283,LIVE,LIVE,12,32400.0,-20508.0,WING_STOP,False,0,—,-20508.0,32.4,50,22,20,4,,,,,,,,,,-16.09,2025-12-12 10:58:00-05:00
2025-12-15,71,SKIP,16.67,13.45,1.239,FALLING,FLAT,CONTANGO,0.522,—,—,0,0,0,ENV_BLOCK,False,0,—,0,0,0,27,14,4,,,,,,,,,,,
2025-12-16,47,WAIT,16.59,20.0,0.829,STABLE,FLAT,CONTANGO,0.492,—,—,0,0,0,NO_TRADE,False,0,—,0,0,0,3,14,4,,,,,,,,,,,
2025-12-17,59,GO,16.32,15.22,1.073,STABLE,FLAT,CONTANGO,0.405,LIVE,LIVE,15,33075.0,-15255.0,WING_STOP,False,0,—,-15255.0,33.1,50,15,14,4,,,,,,,,,,-9.17,2025-12-17 11:12:00-05:00
2025-12-18,59,GO,16.49,14.36,1.149,STABLE,FLAT,CONTANGO,0.451,LIVE,LIVE,12,31644.0,16212.0,TARGET,True,16380.0,ADD_BLOCKED (FLAT/FALLING),32592.0,31.6,55,15,14,4,6.74,,,11.57,12.94,14.51,2025-12-18 13:25:00-05:00,2025-12-18 13:54:00-05:00,2025-12-18 15:13:00-05:00,,
2025-12-19,56,SKIP,15.35,13.35,1.15,FALLING,FLAT,CONTANGO,0.607,—,—,0,0,0,ENV_BLOCK,False,0,—,0,0,0,20,14,4,,,,,,,,,,,
2025-12-22,69,SKIP,14.57,10.43,1.397,FALLING,FLAT,CONTANGO,0.224,—,—,0,0,0,ENV_BLOCK,False,0,—,0,0,0,27,20,4,,,,,,,,,,,
2025-12-23,72,SKIP,14.06,9.18,1.532,FALLING,FLAT,CONTANGO,0.335,—,—,0,0,0,VP_CAP,False,0,—,0,0,0,30,20,4,,,,,,,,,,,
2025-12-24,72,SKIP,13.8,5.32,2.593,FALLING,FLAT,CONTANGO,0.164,—,—,0,0,0,VP_CAP,False,0,—,0,0,0,30,20,4,,,,,,,,,,,
2025-12-26,72,SKIP,14.19,7.94,1.786,STABLE,FLAT,CONTANGO,0.192,—,—,0,0,0,VP_CAP,False,0,—,0,0,0,30,20,4,,,,,,,,,,,
2025-12-29,62,SKIP,14.78,12.82,1.152,FALLING,FLAT,CONTANGO,0.329,—,—,0,0,0,ENV_BLOCK,False,0,—,0,0,0,20,20,4,,,,,,,,,,,
2025-12-30,57,SKIP,14.2,8.95,1.586,RISING,FLAT,CONTANGO,0.241,—,—,0,0,0,VP_CAP,False,0,—,0,0,0,15,20,4,,,,,,,,,,,
2025-12-31,72,SKIP,14.65,7.86,1.864,STABLE,FLAT,CONTANGO,0.312,—,—,0,0,0,VP_CAP,False,0,—,0,0,0,30,20,4,,,,,,,,,,,
2026-01-02,45,WAIT,14.63,18.06,0.81,STABLE,FLAT,CONTANGO,0.387,—,—,0,0,0,NO_TRADE,False,0,—,0,0,0,3,20,4,,,,,,,,,,,
2026-01-05,57,SKIP,14.93,9.59,1.556,RISING,FLAT,CONTANGO,0.2,—,—,0,0,0,VP_CAP,False,0,—,0,0,0,15,20,4,,,,,,,,,,,
2026-01-06,72,SKIP,14.66,6.8,2.157,STABLE,FLAT,CONTANGO,0.366,—,—,0,0,0,VP_CAP,False,0,—,0,0,0,30,20,4,,,,,,,,,,,
2026-01-07,72,SKIP,15.14,8.71,1.739,STABLE,FLAT,CONTANGO,0.211,—,—,0,0,0,VP_CAP,False,0,—,0,0,0,30,20,4,,,,,,,,,,,
2026-01-08,57,GO,15.62,13.14,1.189,STABLE,FLAT,CONTANGO,0.269,LIVE,LIVE,12,32844.0,7968.0,TIME_STOP,True,10428.0,DRIFT_TARGET,18396.0,32.8,50,15,20,4,10.43,3.76,7.64,9.13,10.43,,2026-01-08 14:36:00-05:00,2026-01-08 14:43:00-05:00,,,
2026-01-09,42,WAIT,15.53,13.28,1.169,RISING,FLAT,CONTANGO,0.309,—,—,0,0,0,NO_TRADE,False,0,—,0,0,0,0,20,4,,,,,,,,,,,
2026-01-12,66,SKIP,15.47,9.46,1.635,FALLING,FLAT,CONTANGO,0.444,—,—,0,0,0,VP_CAP,False,0,—,0,0,0,30,14,4,,,,,,,,,,,
2026-01-13,64,GO,15.47,11.53,1.342,STABLE,FLAT,CONTANGO,0.276,LIVE,LIVE,11,32142.0,10494.0,TARGET,True,7027.0,DRIFT2_TIME_STOP,17521.0,32.1,50,22,20,4,,,,8.45,10.08,10.54,2026-01-13 13:35:00-05:00,2026-01-13 14:55:00-05:00,2026-01-13 14:56:00-05:00,,
2026-01-14,59,SKIP,17.92,19.25,0.931,FALLING,FLAT,CONTANGO,0.557,—,—,0,0,0,VP_SKIP,False,0,—,0,0,0,15,14,4,,,,,,,,,,,
2026-01-15,57,SKIP,15.7,9.92,1.583,RISING,FLAT,CONTANGO,0.222,—,—,0,0,0,VP_CAP,False,0,—,0,0,0,15,20,4,,,,,,,,,,,
2026-01-16,72,SKIP,15.95,8.64,1.846,FALLING,FLAT,CONTANGO,0.362,—,—,0,0,0,VP_CAP,False,0,—,0,0,0,30,20,4,,,,,,,,,,,
2026-01-20,72,SKIP,19.84,18.2,1.09,FALLING,FLAT,FLAT,0.4,—,—,0,0,0,VIX_CAP,False,0,—,0,0,0,20,14,12,,,,,,,,,,,
2026-01-21,79,SKIP,17.98,14.65,1.227,FALLING,FLAT,FLAT,0.596,—,—,0,0,0,ENV_BLOCK,False,0,—,0,0,0,27,14,12,,,,,,,,,,,
2026-01-22,66,GO,16.31,13.57,1.202,STABLE,FLAT,CONTANGO,0.487,LIVE,LIVE,12,32976.0,15408.0,TARGET,True,0,ADD_BLOCKED (FLAT/FALLING),15408.0,33.0,55,22,14,4,,,,11.47,13.36,13.84,2026-01-22 14:54:00-05:00,2026-01-22 14:56:00-05:00,2026-01-22 14:58:00-05:00,,
2026-01-23,69,SKIP,15.77,11.77,1.34,FALLING,FLAT,CONTANGO,0.275,—,—,0,0,0,ENV_BLOCK,False,0,—,0,0,0,27,20,4,,,,,,,,,,,
2026-01-26,79,SKIP,16.18,11.26,1.436,FALLING,FLAT,FLAT,0.411,—,—,0,0,0,ENV_BLOCK,False,0,—,0,0,0,27,14,12,,,,,,,,,,,
2026-01-27,72,SKIP,15.94,7.24,2.201,FALLING,FLAT,CONTANGO,0.282,—,—,0,0,0,VP_CAP,False,0,—,0,0,0,30,20,4,,,,,,,,,,,
2026-01-28,80,SKIP,16.62,8.13,2.044,STABLE,FLAT,CONTANGO,0.122,—,—,0,0,0,VP_CAP,False,0,—,0,0,0,30,20,4,,,,,,,,,,,
2026-01-29,38,WAIT,18.83,17.66,1.066,RISING,FLAT,FLAT,0.938,—,—,0,0,0,NO_TRADE,False,0,—,0,0,0,0,0,12,,,,,,,,,,,
2026-01-30,65,SKIP,17.39,18.45,0.943,FALLING,FLAT,CONTANGO,0.359,—,—,0,0,0,VP_SKIP,False,0,—,0,0,0,15,20,4,,,,,,,,,,,
2026-02-02,67,GO,17.48,15.26,1.145,STABLE,FLAT,FLAT,0.665,LIVE,LIVE,11,33000.0,-4411.0,TIME_STOP,True,0,ADD_BLOCKED (FLAT/FALLING),-4411.0,33.0,55,15,14,12,-7.97,-5.59,-3.01,,,,,,,,
2026-02-03,66,GO,17.1,12.95,1.321,STABLE,FLAT,CONTANGO,0.612,LIVE,LIVE,11,32417.0,-16214.0,WING_STOP,False,0,—,-16214.0,32.4,55,22,14,4,,,,,,,,,,-13.74,2026-02-03 12:40:00-05:00
2026-02-04,52,WAIT,18.87,24.98,0.755,RISING,FLAT,FLAT,0.623,—,—,0,0,0,NO_TRADE,False,0,—,0,0,0,0,14,12,,,,,,,,,,,
2026-02-05,61,SKIP,21.47,23.9,0.898,FALLING,FLAT,INVERTED,0.745,—,—,0,0,0,VP_SKIP,False,0,—,0,0,0,15,0,20,,,,,,,,,,,
2026-02-06,46,WAIT,19.13,23.38,0.818,FALLING,FLAT,FLAT,1.033,—,—,0,0,0,NO_TRADE,False,0,—,0,0,0,8,0,12,,,,,,,,,,,
2026-02-09,59,SKIP,18.13,15.39,1.178,STABLE,FLAT,CONTANGO,0.472,—,—,0,0,0,VIX_CAP,False,0,—,0,0,0,15,14,4,,,,,,,,,,,
2026-02-10,77,SKIP,17.29,13.0,1.33,FALLING,FLAT,CONTANGO,0.356,—,—,0,0,0,ENV_BLOCK,False,0,—,0,0,0,27,20,4,,,,,,,,,,,
2026-02-11,66,GO,17.41,13.53,1.287,STABLE,FLAT,CONTANGO,0.489,LIVE,LIVE,11,30767.0,14553.0,TARGET,True,18980.0,ADD_BLOCKED (FALLING/STABLE),33533.0,30.8,55,22,14,4,,,,10.82,12.6,14.23,2026-02-11 13:39:00-05:00,2026-02-11 13:55:00-05:00,2026-02-11 14:13:00-05:00,,
2026-02-12,66,GO,17.76,12.99,1.368,STABLE,FLAT,CONTANGO,0.44,LIVE,LIVE,10,33310.0,-18390.0,WING_STOP,False,0,—,-18390.0,33.3,60,22,14,4,,,,,,,,,,-17.39,2026-02-12 11:09:00-05:00
2026-02-13,41,WAIT,21.8,37.79,0.577,STABLE,FLAT,FLAT,0.764,—,—,0,0,0,NO_TRADE,False,0,—,0,0,0,3,0,12,,,,,,,,,,,
2026-02-17,49,WAIT,22.69,26.83,0.846,STABLE,FALLING,INVERTED,0.95,—,—,0,0,0,NO_TRADE,False,0,—,0,0,0,3,0,20,,,,,,,,,,,
2026-02-18,67,SKIP,19.26,17.58,1.096,STABLE,FLAT,FLAT,0.504,—,—,0,0,0,VIX_CAP,False,0,—,0,0,0,15,14,12,,,,,,,,,,,
2026-02-19,62,SKIP,20.54,21.48,0.956,STABLE,FLAT,FLAT,0.483,—,—,0,0,0,VP_SKIP,False,0,—,0,0,0,10,14,12,,,,,,,,,,,
2026-02-20,72,SKIP,20.1,17.33,1.16,FALLING,FLAT,FLAT,0.52,—,—,0,0,0,VIX_CAP,False,0,—,0,0,0,20,14,12,,,,,,,,,,,
