date,score,recommendation,vix,rv,vp_ratio,rv_slope,vwap_slope,ts_label,range_pct,n_spreads_p1,risk_deployed_p1,pnl_p1_dollars,outcome_p1,add_tried,pnl_p2_dollars,outcome_p2,combined_pnl,budget_used_pct,score_vol,score_regime,score_ts
2023-02-15,54,WAIT,18.59,19.9,0.934,STABLE,FLAT,CONTANGO,0.433,0,0,0,NO_TRADE,False,0,—,0,0,10,14,4
2023-02-16,64,GO,19.88,18.19,1.093,FALLING,FLAT,CONTANGO,0.575,26,33202.0,-10699.0,WING_STOP,False,0,—,-10699.0,33.2,20,14,4
2023-02-17,71,GO,20.93,15.98,1.31,FALLING,FLAT,CONTANGO,0.693,27,33231.6,24781.0,TIME_STOP,True,52618.0,ADD2_TIME_STOP,77399.0,33.2,27,14,4
2023-02-21,44,WAIT,22.64,19.21,1.179,RISING,FLAT,CONTANGO,0.589,0,0,0,NO_TRADE,False,0,—,0,0,0,14,4
2023-02-22,65,SKIP,22.88,12.17,1.881,RISING,FLAT,CONTANGO,0.266,0,0,0,ENV_BLOCK,False,0,—,0,0,15,20,4
2023-02-23,80,GO,21.18,12.7,1.667,STABLE,FLAT,CONTANGO,0.34,27,33099.3,-11667.0,WING_STOP,False,0,—,-11667.0,33.1,30,20,4
2023-02-24,71,GO,22.75,17.05,1.335,FALLING,FLAT,CONTANGO,0.628,28,32726.399999999998,23414.0,TIME_STOP,True,34999.0,ADD2_TIME_STOP,58413.0,32.7,27,14,4
2023-02-27,74,GO,20.86,12.22,1.707,FALLING,FLAT,CONTANGO,0.43,26,32416.8,-9079.0,TIME_STOP,True,0,ADD_BLOCKED (FLAT/RISING),-9079.0,32.4,30,14,4
2023-02-28,65,SKIP,20.77,13.36,1.555,RISING,FLAT,CONTANGO,0.376,0,0,0,ENV_BLOCK,False,0,—,0,0,15,20,4
2023-03-01,80,GO,20.49,14.56,1.407,STABLE,FLAT,FLAT,0.363,26,33264.4,33002.0,TARGET,True,52246.0,ADD2_TIME_STOP,85248.0,33.3,22,20,12
2023-03-02,85,GO,20.7,14.42,1.436,FALLING,FLAT,FLAT,0.303,26,33183.799999999996,-16773.0,WING_STOP,False,0,—,-16773.0,33.2,27,20,12
2023-03-03,67,SKIP,19.22,12.33,1.558,RISING,FLAT,FLAT,0.434,0,0,0,ENV_BLOCK,False,0,—,0,0,15,14,12
2023-03-06,81,SKIP,18.69,12.17,1.536,RISING,FLAT,INVERTED,0.264,0,0,0,ENV_BLOCK,False,0,—,0,0,15,20,20
2023-03-07,60,SKIP,18.66,19.52,0.956,RISING,FLAT,INVERTED,0.426,0,0,0,VP_SKIP,False,0,—,0,0,0,14,20
2023-03-08,66,SKIP,19.85,18.15,1.093,RISING,FLAT,INVERTED,0.4,0,0,0,ENV_BLOCK,False,0,—,0,0,0,20,20
2023-03-09,90,GO,18.98,11.67,1.626,STABLE,FLAT,INVERTED,0.514,24,32534.399999999998,-13603.0,WING_STOP,False,0,—,-13603.0,32.5,30,14,20
2023-03-10,46,WAIT,23.19,30.54,0.759,RISING,FLAT,INVERTED,0.928,0,0,0,NO_TRADE,False,0,—,0,0,0,0,20
2023-03-13,42,WAIT,28.08,44.91,0.625,RISING,RISING,INVERTED,1.486,0,0,0,NO_TRADE,False,0,—,0,0,0,0,20
2023-03-14,68,GO,23.79,18.0,1.321,STABLE,FLAT,INVERTED,0.7,29,32801.899999999994,-5292.0,TIME_STOP,True,-10084.0,ADD_BLOCKED (FLAT/RISING),-15376.0,32.8,22,0,20
2023-03-15,80,GO,27.26,23.34,1.168,FALLING,FLAT,INVERTED,0.609,32,32371.199999999997,-13062.0,TIME_STOP,True,34714.0,ADD2_TIME_STOP,21652.0,32.4,20,14,20
2023-03-16,82,GO,25.86,18.51,1.397,STABLE,FLAT,INVERTED,0.59,31,32711.2,-8485.0,WING_STOP,False,0,—,-8485.0,32.7,22,14,20
2023-03-17,75,GO,23.71,21.8,1.087,STABLE,FLAT,INVERTED,0.509,29,32645.300000000003,-10814.0,WING_STOP,False,0,—,-10814.0,32.6,15,14,20
2023-03-20,68,SKIP,25.16,31.1,0.809,FALLING,FLAT,INVERTED,0.56,0,0,0,VP_SKIP,False,0,—,0,0,8,14,20
2023-03-21,90,GO,22.22,10.77,2.062,STABLE,FLAT,INVERTED,0.522,28,33093.200000000004,38248.0,TARGET,True,0,ADD_BLOCKED (FLAT/RISING),38248.0,33.1,30,14,20
2023-03-22,96,GO,20.54,10.18,2.018,FALLING,FLAT,INVERTED,0.207,26,32942.0,36192.0,TARGET,True,0,ADD_BLOCKED (FLAT/RISING),36192.0,32.9,30,20,20
2023-03-23,79,GO,20.65,14.08,1.466,FALLING,FLAT,FLAT,0.468,26,32970.6,-17716.0,WING_STOP,False,0,—,-17716.0,33.0,27,14,12
2023-03-24,53,WAIT,24.0,22.07,1.087,STABLE,FLAT,FLAT,0.763,0,0,0,NO_TRADE,False,0,—,0,0,15,0,12
2023-03-27,79,GO,21.21,16.95,1.251,FALLING,FLAT,FLAT,0.525,27,33280.200000000004,35527.0,TARGET,True,37544.0,ADD_TARGET,73071.0,33.3,27,14,12
2023-03-28,85,GO,20.81,14.1,1.476,FALLING,FLAT,FLAT,0.253,26,32780.799999999996,33080.0,TARGET,True,14923.0,ADD_TARGET,48003.0,32.8,27,20,12
2023-03-29,59,SKIP,19.19,10.82,1.774,RISING,FLAT,CONTANGO,0.415,0,0,0,ENV_BLOCK,False,0,—,0,0,15,14,4
2023-03-30,80,GO,19.16,6.85,2.798,STABLE,FLAT,CONTANGO,0.275,25,33285.0,31450.0,TARGET,True,21952.0,ADD_TARGET,53402.0,33.3,30,20,4
2023-03-31,74,GO,18.8,7.15,2.63,STABLE,FLAT,CONTANGO,0.402,24,32385.600000000002,-21629.0,TIME_STOP,True,21964.0,ADD_TARGET,335.0,32.4,30,14,4
2023-04-03,67,SKIP,19.33,11.63,1.663,RISING,FLAT,FLAT,0.532,0,0,0,ENV_BLOCK,False,0,—,0,0,15,14,12
2023-04-04,57,SKIP,18.83,14.48,1.3,RISING,FLAT,CONTANGO,0.324,0,0,0,ENV_BLOCK,False,0,—,0,0,7,20,4
2023-04-05,80,GO,19.48,7.92,2.459,STABLE,FLAT,CONTANGO,0.208,25,32437.5,30140.0,TIME_STOP,True,31742.0,ADD_TARGET,61882.0,32.4,30,20,4
2023-04-06,80,GO,19.7,10.34,1.904,FALLING,FLAT,CONTANGO,0.295,25,32332.5,-3045.0,TIME_STOP,True,24591.0,ADD_TARGET,21546.0,32.3,30,20,4
2023-04-10,80,GO,19.91,12.46,1.598,FALLING,FLAT,CONTANGO,0.31,26,33311.200000000004,2740.0,TIME_STOP,True,24089.0,ADD_TARGET,26829.0,33.3,30,20,4
2023-04-11,80,GO,18.99,9.58,1.981,FALLING,FLAT,CONTANGO,0.195,25,33122.5,31948.0,TARGET,False,0,—,31948.0,33.1,30,20,4
2023-04-12,59,GO,18.99,17.7,1.073,STABLE,FLAT,CONTANGO,0.489,25,33079.99999999999,-5255.0,TIME_STOP,True,0,ADD_BLOCKED (FLAT/RISING),-5255.0,33.1,15,14,4
2023-04-13,72,GO,18.55,15.2,1.22,STABLE,FLAT,CONTANGO,0.177,24,32484.0,-16997.0,WING_STOP,False,0,—,-16997.0,32.5,22,20,4
2023-04-14,51,WAIT,17.92,13.19,1.359,RISING,FLAT,CONTANGO,0.589,0,0,0,NO_TRADE,False,0,—,0,0,7,14,4
2023-04-17,65,SKIP,17.42,11.46,1.52,RISING,FLAT,CONTANGO,0.225,0,0,0,ENV_BLOCK,False,0,—,0,0,15,20,4
2023-04-18,65,SKIP,16.92,7.83,2.161,RISING,FLAT,CONTANGO,0.294,0,0,0,ENV_BLOCK,False,0,—,0,0,15,20,4
2023-04-19,80,GO,16.89,8.29,2.037,STABLE,FLAT,CONTANGO,0.126,22,32128.799999999996,4937.0,TIME_STOP,True,18263.0,ADD_TARGET,23200.0,32.1,30,20,4
2023-04-20,65,SKIP,17.16,7.71,2.226,RISING,FLAT,CONTANGO,0.288,0,0,0,ENV_BLOCK,False,0,—,0,0,15,20,4
2023-04-21,57,SKIP,17.38,12.35,1.407,RISING,FLAT,CONTANGO,0.343,0,0,0,ENV_BLOCK,False,0,—,0,0,7,20,4
2023-04-24,88,GO,17.17,7.7,2.231,FALLING,FLAT,FLAT,0.239,23,33076.299999999996,27253.0,TARGET,True,25639.0,ADD_TARGET,52892.0,33.1,30,20,12
2023-04-25,65,SKIP,17.59,12.62,1.393,RISING,FLAT,FLAT,0.348,0,0,0,ENV_BLOCK,False,0,—,0,0,7,20,12
2023-04-26,88,GO,18.79,10.84,1.734,STABLE,FLAT,FLAT,0.319,24,32330.399999999998,1339.0,TIME_STOP,True,30249.0,ADD2_TIME_STOP,31588.0,32.3,30,20,12
2023-04-27,88,GO,17.58,10.59,1.66,FALLING,FLAT,FLAT,0.359,23,32710.600000000002,-20748.0,WING_STOP,False,0,—,-20748.0,32.7,30,20,12
2023-04-28,88,GO,16.55,8.6,1.924,STABLE,FLAT,FLAT,0.295,22,32661.199999999997,-5192.0,TIME_STOP,True,38116.0,ADD2_TARGET,32924.0,32.7,30,20,12
2023-05-01,80,GO,15.99,8.04,1.99,STABLE,FLAT,FLAT,0.282,21,31865.399999999998,24089.0,TARGET,False,0,—,24089.0,31.9,30,20,12
2023-05-02,82,GO,17.01,7.45,2.284,STABLE,FLAT,FLAT,0.4,23,33281.0,-14515.0,WING_STOP,False,0,—,-14515.0,33.3,30,14,12
2023-05-03,96,GO,17.66,10.26,1.721,STABLE,FLAT,INVERTED,0.36,23,32296.600000000002,27904.0,TARGET,True,48333.0,ADD2_TARGET,76237.0,32.3,30,20,20
2023-05-04,74,GO,19.87,15.5,1.282,STABLE,FLAT,FLAT,0.565,25,32139.999999999996,31830.0,TARGET,True,48279.0,ADD2_TARGET,80109.0,32.1,22,14,12
2023-05-05,57,GO,17.93,12.11,1.481,FALLING,FLAT,CONTANGO,0.744,23,32052.8,-14469.0,TIME_STOP,True,15963.0,ADD_TIME_STOP,1494.0,32.1,27,0,4
2023-05-08,65,SKIP,17.69,10.09,1.754,RISING,FLAT,CONTANGO,0.274,0,0,0,ENV_BLOCK,False,0,—,0,0,15,20,4
2023-05-09,80,GO,17.51,9.8,1.787,FALLING,FLAT,CONTANGO,0.268,23,32630.100000000002,27393.0,TARGET,False,0,—,27393.0,32.6,30,20,4
2023-05-10,54,WAIT,16.86,17.61,0.957,STABLE,FLAT,CONTANGO,0.698,0,0,0,NO_TRADE,False,0,—,0,0,10,14,4
2023-05-11,59,GO,18.15,15.21,1.193,STABLE,FLAT,CONTANGO,0.51,24,33072.0,16661.0,TIME_STOP,True,23969.0,ADD_TARGET,40630.0,33.1,15,14,4
2023-05-12,65,SKIP,16.63,10.6,1.568,RISING,FLAT,CONTANGO,0.237,0,0,0,ENV_BLOCK,False,0,—,0,0,15,20,4
2023-05-15,80,GO,17.96,10.19,1.762,FALLING,FLAT,CONTANGO,0.37,23,31990.7,12583.0,TIME_STOP,True,16505.0,ADD_TARGET,29088.0,32.0,30,20,4
2023-05-16,50,WAIT,17.71,16.81,1.053,RISING,FLAT,CONTANGO,0.343,0,0,0,NO_TRADE,False,0,—,0,0,0,20,4
2023-05-17,59,SKIP,17.86,9.37,1.906,RISING,FLAT,CONTANGO,0.4,0,0,0,ENV_BLOCK,False,0,—,0,0,15,14,4
2023-05-18,80,GO,16.93,8.96,1.89,FALLING,FLAT,CONTANGO,0.169,22,31893.4,-8939.0,TIME_STOP,True,25351.0,ADD_BLOCKED (FLAT/RISING),16412.0,31.9,30,20,4
2023-05-19,80,GO,16.07,7.57,2.123,FALLING,FLAT,CONTANGO,0.207,22,32991.200000000004,5245.0,TIME_STOP,True,0,ADD_BLOCKED (FLAT/RISING),5245.0,33.0,30,20,4
2023-05-22,71,GO,17.28,14.17,1.22,FALLING,FLAT,CONTANGO,0.44,23,32531.2,30351.0,TARGET,False,0,—,30351.0,32.5,27,14,4
2023-05-23,80,GO,17.82,10.16,1.754,FALLING,FLAT,CONTANGO,0.304,24,33127.200000000004,-4793.0,TIME_STOP,True,11575.0,ADD_TIME_STOP,6782.0,33.1,30,20,4
2023-05-24,82,GO,20.15,10.71,1.881,STABLE,FLAT,FLAT,0.433,26,32676.8,33376.0,TARGET,False,0,—,33376.0,32.7,30,14,12
2023-05-25,67,GO,19.07,16.47,1.158,STABLE,FLAT,FLAT,0.595,25,32832.5,8602.0,TIME_STOP,True,25711.0,ADD_BLOCKED (FLAT/RISING),34313.0,32.8,15,14,12
2023-05-26,74,GO,18.05,13.52,1.335,STABLE,FLAT,FLAT,0.576,24,32820.0,-13068.0,TIME_STOP,True,35251.0,ADD2_TARGET,22183.0,32.8,22,14,12
2023-05-30,80,GO,17.27,13.33,1.295,STABLE,FLAT,FLAT,0.368,23,32358.7,29031.0,TARGET,True,25797.0,ADD_TARGET,54828.0,32.4,22,20,12
2023-05-31,72,GO,17.89,12.4,1.443,STABLE,FLAT,CONTANGO,0.305,24,33007.2,29136.0,TARGET,True,38520.0,ADD2_TARGET,67656.0,33.0,22,20,4
2023-06-01,72,GO,16.93,12.15,1.393,STABLE,FLAT,CONTANGO,0.291,23,33246.5,-14007.0,WING_STOP,False,0,—,-14007.0,33.2,22,20,4
2023-06-02,36,WAIT,15.1,14.48,1.043,RISING,FLAT,CONTANGO,0.615,0,0,0,NO_TRADE,False,0,—,0,0,0,14,4
2023-06-05,80,GO,15.09,9.49,1.59,STABLE,FLAT,FLAT,0.278,21,32728.5,25725.0,TARGET,False,0,—,25725.0,32.7,30,20,12
2023-06-06,80,GO,14.49,7.02,2.064,FALLING,FLAT,FLAT,0.193,20,32316.000000000004,21948.0,TARGET,True,20349.0,ADD2_TIME_STOP,42297.0,32.3,30,20,12
2023-06-07,80,GO,13.92,8.1,1.719,STABLE,FLAT,FLAT,0.332,20,33242.0,-4140.0,TIME_STOP,True,0,ADD_BLOCKED (FLAT/RISING),-4140.0,33.2,30,20,12
2023-06-08,77,GO,14.11,11.02,1.28,FALLING,FLAT,FLAT,0.279,20,33036.0,-8430.0,TIME_STOP,True,18248.0,ADD_TARGET,9818.0,33.0,27,20,12
2023-06-09,80,GO,13.56,8.65,1.567,STABLE,FLAT,FLAT,0.314,19,32123.3,20051.0,TARGET,True,19602.0,ADD_TARGET,39653.0,32.1,30,20,12
2023-06-12,80,GO,14.7,9.03,1.628,FALLING,FLAT,FLAT,0.175,21,33245.1,-3333.0,TIME_STOP,False,0,—,-3333.0,33.2,30,20,12
2023-06-13,54,WAIT,14.65,16.85,0.869,STABLE,FLAT,FLAT,0.478,0,0,0,NO_TRADE,False,0,—,0,0,10,14,12
2023-06-14,80,GO,14.48,7.69,1.882,FALLING,FLAT,FLAT,0.263,21,33276.6,24583.0,TARGET,True,-21654.0,ADD_BLOCKED (FLAT/RISING),2929.0,33.3,30,20,12
2023-06-15,48,WAIT,14.08,10.35,1.36,STABLE,RISING,CONTANGO,0.66,0,0,0,NO_TRADE,False,0,—,0,0,22,4,4
2023-06-16,46,WAIT,14.32,14.48,0.989,STABLE,FLAT,CONTANGO,0.513,0,0,0,NO_TRADE,False,0,—,0,0,10,14,4
2023-06-20,69,GO,14.37,11.66,1.232,FALLING,FLAT,CONTANGO,0.251,20,31814.0,22158.0,TARGET,True,20947.0,ADD2_TARGET,43105.0,31.8,27,20,4
2023-06-21,57,SKIP,13.71,7.79,1.761,RISING,FLAT,CONTANGO,0.34,0,0,0,ENV_BLOCK,False,0,—,0,0,15,20,4
2023-06-22,64,GO,13.7,10.19,1.344,STABLE,FLAT,CONTANGO,0.34,20,33220.0,21468.0,TARGET,False,0,—,21468.0,33.2,22,20,4
2023-06-23,62,GO,13.45,11.25,1.195,FALLING,FLAT,CONTANGO,0.242,19,32134.7,20358.0,TARGET,True,-2028.0,ADD_TIME_STOP,18330.0,32.1,20,20,4
2023-06-26,66,GO,13.97,8.94,1.562,FALLING,FLAT,CONTANGO,0.417,20,32742.0,7496.0,TIME_STOP,True,23961.0,ADD_TARGET,31457.0,32.7,30,14,4
2023-06-27,64,GO,13.97,9.42,1.484,STABLE,FLAT,CONTANGO,0.254,20,32796.0,-28304.0,TIME_STOP,True,2008.0,ADD2_TARGET,-26296.0,32.8,22,20,4
2023-06-28,42,WAIT,13.62,11.95,1.139,RISING,FLAT,CONTANGO,0.204,0,0,0,NO_TRADE,False,0,—,0,0,0,20,4
2023-06-29,62,GO,13.7,11.42,1.199,FALLING,FLAT,CONTANGO,0.314,20,33058.0,21526.0,TARGET,False,0,—,21526.0,33.1,20,20,4
2023-06-30,43,WAIT,13.46,9.62,1.399,RISING,FLAT,CONTANGO,0.454,0,0,0,NO_TRADE,False,0,—,0,0,7,14,4
2023-07-03,72,GO,13.77,7.08,1.946,STABLE,FLAT,CONTANGO,0.219,20,32578.0,8694.0,EXPIRY,False,0,—,8694.0,32.6,30,20,4
2023-07-05,57,SKIP,14.27,6.88,2.073,RISING,FLAT,CONTANGO,0.277,0,0,0,ENV_BLOCK,False,0,—,0,0,15,20,4
2023-07-06,66,GO,15.87,10.28,1.544,STABLE,FLAT,CONTANGO,0.62,22,32126.6,26184.0,TARGET,False,0,—,26184.0,32.1,30,14,4
2023-07-07,63,GO,14.97,12.41,1.206,FALLING,FLAT,CONTANGO,0.407,21,32134.2,23854.0,TARGET,True,0,ADD_BLOCKED (FLAT/RISING),23854.0,32.1,27,14,4
2023-07-10,57,GO,15.3,13.27,1.153,STABLE,FLAT,CONTANGO,0.303,22,33114.4,25320.0,TARGET,False,0,—,25320.0,33.1,15,20,4
2023-07-11,69,GO,14.91,10.27,1.451,FALLING,FLAT,CONTANGO,0.294,21,32153.1,23955.0,TARGET,False,0,—,23955.0,32.2,27,20,4
2023-07-12,72,GO,14.14,9.18,1.541,STABLE,FLAT,CONTANGO,0.366,21,33224.1,23323.0,TARGET,True,0,ADD_BLOCKED (FLAT/RISING),23323.0,33.2,30,20,4
2023-07-13,72,GO,13.28,7.95,1.67,FALLING,FLAT,CONTANGO,0.216,20,33212.0,21436.0,TARGET,False,0,—,21436.0,33.2,30,20,4
2023-07-14,72,GO,13.71,7.84,1.748,FALLING,FLAT,CONTANGO,0.231,20,32250.0,3554.0,TIME_STOP,True,22558.0,ADD_TARGET,26112.0,32.2,30,20,4
2023-07-17,80,GO,13.65,8.99,1.518,FALLING,FLAT,FLAT,0.15,20,32460.0,9272.0,TIME_STOP,False,0,—,9272.0,32.5,30,20,12
2023-07-18,80,GO,13.41,7.76,1.729,FALLING,FLAT,FLAT,0.347,20,32814.0,-11918.0,TIME_STOP,True,0,ADD_BLOCKED (FLAT/RISING),-11918.0,32.8,30,20,12
2023-07-19,80,GO,13.29,7.8,1.705,FALLING,FLAT,FLAT,0.257,20,32790.0,21986.0,TARGET,False,0,—,21986.0,32.8,30,20,12
2023-07-20,80,GO,14.0,6.69,2.092,FALLING,FLAT,FLAT,0.227,21,33060.299999999996,-9712.0,TIME_STOP,True,11602.0,ADD2_TIME_STOP,1890.0,33.1,30,20,12
2023-07-21,65,SKIP,13.77,6.45,2.137,RISING,FLAT,FLAT,0.312,0,0,0,ENV_BLOCK,False,0,—,0,0,15,20,12
2023-07-24,50,WAIT,14.0,13.52,1.036,RISING,FLAT,FLAT,0.359,0,0,0,NO_TRADE,False,0,—,0,0,0,20,12
2023-07-25,80,GO,13.84,6.02,2.298,FALLING,FLAT,FLAT,0.263,21,33333.299999999996,22138.0,TIME_STOP,False,0,—,22138.0,33.3,30,20,12
2023-07-26,80,GO,13.87,8.93,1.553,FALLING,FLAT,FLAT,0.191,21,33318.6,23934.0,TARGET,False,0,—,23934.0,33.3,30,20,12
2023-07-27,57,SKIP,12.94,8.12,1.593,RISING,FLAT,CONTANGO,0.192,0,0,0,ENV_BLOCK,False,0,—,0,0,15,20,4
2023-07-28,62,GO,13.51,11.63,1.162,FALLING,FLAT,CONTANGO,0.309,20,32345.999999999993,22176.0,TARGET,True,16556.0,ADD_BLOCKED (FLAT/RISING),38732.0,32.3,20,20,4
2023-07-31,57,GO,14.04,13.72,1.023,STABLE,FLAT,CONTANGO,0.347,21,32816.700000000004,23797.0,TARGET,False,0,—,23797.0,32.8,15,20,4
2023-08-01,72,GO,13.92,7.5,1.856,STABLE,FLAT,CONTANGO,0.242,21,33104.399999999994,23541.0,TARGET,False,0,—,23541.0,33.1,30,20,4
2023-08-02,77,GO,15.4,12.14,1.268,FALLING,FLAT,FLAT,0.344,22,32073.800000000003,-18526.0,TIME_STOP,True,27529.0,ADD_TARGET,9003.0,32.1,27,20,12
2023-08-03,80,GO,16.73,13.78,1.214,STABLE,FLAT,FLAT,0.324,24,32800.8,32136.0,TARGET,True,18400.0,ADD_TARGET,50536.0,32.8,22,20,12
2023-08-04,57,GO,15.31,14.48,1.057,STABLE,FLAT,CONTANGO,0.377,22,32410.399999999994,-13101.0,TIME_STOP,True,-20813.0,ADD_WING_STOP,-33914.0,32.4,15,20,4
2023-08-07,88,GO,16.88,11.13,1.517,STABLE,FLAT,FLAT,0.359,24,32618.399999999998,27562.0,TIME_STOP,True,15898.0,ADD_TARGET,43460.0,32.6,30,20,12
2023-08-08,74,GO,17.47,11.86,1.473,STABLE,FLAT,FLAT,0.572,25,33087.5,11992.0,TIME_STOP,False,0,—,11992.0,33.1,22,14,12
2023-08-09,72,GO,15.68,8.8,1.782,STABLE,FLAT,CONTANGO,0.247,23,33320.1,27223.0,TARGET,True,27680.0,ADD2_TIME_STOP,54903.0,33.3,30,20,4
2023-08-10,42,WAIT,14.62,13.96,1.047,FALLING,FLAT,CONTANGO,0.874,0,0,0,NO_TRADE,False,0,—,0,0,20,0,4
2023-08-11,70,GO,15.9,14.66,1.085,FALLING,FLAT,FLAT,0.335,23,33212.0,15431.0,TIME_STOP,True,25623.0,ADD_TARGET,41054.0,33.2,20,20,12
2023-08-14,57,SKIP,15.87,12.54,1.266,RISING,FLAT,FLAT,0.191,0,0,0,ENV_BLOCK,False,0,—,0,0,7,20,12
2023-08-15,71,GO,15.88,12.01,1.322,FALLING,FLAT,FLAT,0.455,23,33156.8,27149.0,TARGET,True,50739.0,ADD2_TARGET,77888.0,33.2,27,14,12
2023-08-16,79,GO,16.2,11.45,1.415,FALLING,FLAT,FLAT,0.424,23,32696.8,-24649.0,TIME_STOP,True,0,ADD_BLOCKED (FLAT/RISING),-24649.0,32.7,27,14,12
2023-08-17,65,SKIP,16.84,12.08,1.394,RISING,FLAT,FLAT,0.349,0,0,0,ENV_BLOCK,False,0,—,0,0,7,20,12
2023-08-18,74,GO,18.65,13.69,1.362,STABLE,FLAT,FLAT,0.527,26,33306.0,35407.0,TARGET,True,26550.0,ADD_TARGET,61957.0,33.3,22,14,12
2023-08-21,80,GO,17.4,12.17,1.429,STABLE,FLAT,FLAT,0.335,24,32397.600000000002,29412.0,TARGET,True,-4876.0,ADD2_TIME_STOP,24536.0,32.4,22,20,12
2023-08-22,88,GO,17.28,8.66,1.996,STABLE,FLAT,FLAT,0.39,24,32488.800000000003,29527.0,TARGET,True,23545.0,ADD_TARGET,53072.0,32.5,30,20,12
2023-08-23,65,SKIP,16.43,11.62,1.414,RISING,FLAT,FLAT,0.373,0,0,0,ENV_BLOCK,False,0,—,0,0,7,20,12
2023-08-24,64,GO,15.62,12.2,1.28,STABLE,FLAT,CONTANGO,0.391,22,32225.6,-15312.0,WING_STOP,False,0,—,-15312.0,32.2,22,20,4
2023-08-25,72,GO,16.66,12.94,1.287,STABLE,FLAT,CONTANGO,0.266,23,32223.0,11967.0,TIME_STOP,True,0,ADD_BLOCKED (FLAT/RISING),11967.0,32.2,22,20,4
2023-08-28,62,GO,15.61,13.45,1.16,FALLING,FLAT,CONTANGO,0.318,22,32366.4,27317.0,TARGET,False,0,—,27317.0,32.4,20,20,4
2023-08-29,36,WAIT,14.78,14.43,1.024,RISING,FLAT,CONTANGO,0.492,0,0,0,NO_TRADE,False,0,—,0,0,0,14,4
2023-08-30,56,GO,14.15,12.88,1.098,FALLING,FLAT,CONTANGO,0.42,21,32970.0,23921.0,TARGET,True,40384.0,ADD2_TARGET,64305.0,33.0,20,14,4
2023-08-31,42,WAIT,13.72,11.81,1.162,RISING,FLAT,CONTANGO,0.28,0,0,0,NO_TRADE,False,0,—,0,0,0,20,4
2023-09-01,39,WAIT,13.41,17.44,0.769,STABLE,FLAT,CONTANGO,0.539,0,0,0,NO_TRADE,False,0,—,0,0,3,14,4
2023-09-05,64,GO,14.3,10.34,1.383,STABLE,FLAT,CONTANGO,0.318,21,32856.600000000006,23650.0,TARGET,False,0,—,23650.0,32.9,22,20,4
2023-09-06,49,WAIT,14.34,11.83,1.212,RISING,FLAT,CONTANGO,0.363,0,0,0,NO_TRADE,False,0,—,0,0,7,20,4
2023-09-07,72,GO,15.53,12.73,1.22,STABLE,FLAT,FLAT,0.364,22,32421.4,27551.0,TARGET,False,0,—,27551.0,32.4,22,20,12
2023-09-08,64,GO,13.93,9.52,1.463,STABLE,FLAT,CONTANGO,0.287,20,32212.000000000004,21982.0,TARGET,False,0,—,21982.0,32.2,22,20,4
2023-09-11,74,GO,14.27,9.15,1.56,STABLE,FLAT,FLAT,0.415,21,33014.1,23673.0,TARGET,False,0,—,23673.0,33.0,30,14,12
2023-09-12,77,GO,13.98,9.5,1.471,FALLING,FLAT,FLAT,0.236,20,31996.0,6212.0,TIME_STOP,True,22470.0,ADD_BLOCKED (FLAT/RISING),28682.0,32.0,27,20,12
2023-09-13,60,SKIP,13.73,14.6,0.94,STABLE,FLAT,FLAT,0.273,0,0,0,VP_SKIP,False,0,—,0,0,10,20,12
2023-09-14,57,GO,13.17,11.47,1.149,STABLE,FLAT,CONTANGO,0.267,19,31861.1,14533.0,TIME_STOP,True,13853.0,ADD_TARGET,28386.0,31.9,15,20,4
2023-09-15,36,WAIT,13.09,12.23,1.07,RISING,FLAT,CONTANGO,0.461,0,0,0,NO_TRADE,False,0,—,0,0,0,14,4
2023-09-18,77,GO,14.58,10.9,1.337,FALLING,FLAT,FLAT,0.255,21,32634.0,26764.0,TARGET,True,18171.0,ADD_TARGET,44935.0,32.6,27,20,12
2023-09-19,57,SKIP,14.35,10.35,1.387,RISING,FLAT,FLAT,0.287,0,0,0,ENV_BLOCK,False,0,—,0,0,7,20,12
2023-09-20,80,GO,13.96,7.0,1.995,STABLE,FLAT,FLAT,0.214,20,32118.0,-27482.0,WING_STOP,False,0,—,-27482.0,32.1,30,20,12
2023-09-21,72,GO,16.6,14.39,1.154,FALLING,FLAT,FLAT,0.443,23,32595.600000000002,27411.0,TARGET,True,4421.0,ADD2_TARGET,31832.0,32.6,20,14,12
2023-09-22,88,GO,16.87,10.84,1.556,STABLE,FLAT,FLAT,0.223,23,32246.0,28460.0,TARGET,True,26204.0,ADD_BLOCKED (FLAT/RISING),54664.0,32.2,30,20,12
2023-09-25,82,GO,17.53,11.87,1.477,STABLE,FLAT,INVERTED,0.486,24,32596.800000000003,29407.0,TARGET,True,57128.0,ADD2_TARGET,86535.0,32.6,22,14,20
2023-09-26,88,GO,17.81,12.33,1.444,STABLE,FLAT,INVERTED,0.288,24,32340.0,-12725.0,TIME_STOP,True,27423.0,ADD_TARGET,14698.0,32.3,22,20,20
2023-09-27,88,GO,18.5,9.45,1.957,FALLING,FLAT,FLAT,0.22,25,32697.500000000004,-11530.0,WING_STOP,False,0,—,-11530.0,32.7,30,20,12
2023-09-28,75,SKIP,18.18,19.97,0.91,FALLING,FLAT,INVERTED,0.521,0,0,0,VP_SKIP,False,0,—,0,0,15,14,20
2023-09-29,65,SKIP,15.87,10.34,1.535,RISING,FLAT,FLAT,0.272,0,0,0,ENV_BLOCK,False,0,—,0,0,15,20,12
2023-10-02,58,SKIP,17.77,17.22,1.032,RISING,FLAT,FLAT,0.364,0,0,0,ENV_BLOCK,False,0,—,0,0,0,20,12
2023-10-03,52,WAIT,18.56,21.19,0.876,RISING,FLAT,FLAT,0.406,0,0,0,NO_TRADE,False,0,—,0,0,0,14,12
2023-10-04,65,SKIP,19.22,15.24,1.261,RISING,FLAT,FLAT,0.339,0,0,0,ENV_BLOCK,False,0,—,0,0,7,20,12
2023-10-05,74,GO,18.81,14.77,1.274,STABLE,FLAT,FLAT,0.452,25,32422.499999999996,31698.0,TARGET,True,21292.0,ADD2_TARGET,52990.0,32.4,22,14,12
2023-10-06,62,SKIP,19.23,22.55,0.853,STABLE,FLAT,FLAT,0.455,0,0,0,VP_SKIP,False,0,—,0,0,10,14,12
2023-10-09,88,GO,18.45,11.73,1.573,FALLING,FLAT,FLAT,0.396,25,32650.0,-22525.0,WING_STOP,False,0,—,-22525.0,32.6,30,20,12
2023-10-10,85,GO,17.17,11.96,1.436,FALLING,FLAT,FLAT,0.336,24,33076.8,29962.0,TARGET,True,34577.0,ADD2_TIME_STOP,64539.0,33.1,27,20,12
2023-10-11,80,GO,16.54,11.91,1.389,STABLE,FLAT,FLAT,0.28,23,32600.199999999997,27922.0,TARGET,True,21728.0,ADD_TARGET,49650.0,32.6,22,20,12
2023-10-12,74,GO,16.19,11.72,1.381,STABLE,FLAT,FLAT,0.414,23,33184.4,-15987.0,WING_STOP,False,0,—,-15987.0,33.2,22,14,12
2023-10-13,68,SKIP,17.21,18.22,0.944,STABLE,FLAT,FLAT,0.381,0,0,0,VP_SKIP,False,0,—,0,0,10,20,12
2023-10-16,79,GO,18.24,14.24,1.281,FALLING,FLAT,FLAT,0.412,25,32627.499999999996,2495.0,TIME_STOP,True,29251.0,ADD_TARGET,31746.0,32.6,27,14,12
2023-10-17,80,GO,18.42,13.27,1.388,STABLE,FLAT,FLAT,0.256,25,32457.5,-10772.0,WING_STOP,False,0,—,-10772.0,32.5,22,20,12
2023-10-18,80,GO,18.74,14.03,1.336,STABLE,FLAT,FLAT,0.281,26,33111.0,-18611.0,TIME_STOP,True,27121.0,ADD_TIME_STOP,8510.0,33.1,22,20,12
2023-10-19,88,GO,19.21,10.66,1.802,FALLING,FLAT,FLAT,0.278,26,32650.8,-16471.0,WING_STOP,False,0,—,-16471.0,32.7,30,20,12
2023-10-20,80,GO,20.93,15.9,1.317,STABLE,FLAT,FLAT,0.38,28,32911.2,-2965.0,TIME_STOP,True,0,ADD_BLOCKED (FLAT/RISING),-2965.0,32.9,22,20,12
2023-10-23,42,WAIT,21.37,20.41,1.047,RISING,RISING,FLAT,0.688,0,0,0,NO_TRADE,False,0,—,0,0,0,4,12
2023-10-24,78,GO,19.5,16.69,1.168,FALLING,FLAT,FLAT,0.348,26,32692.4,33116.0,TARGET,True,1290.0,ADD2_TIME_STOP,34406.0,32.7,20,20,12
2023-10-25,59,SKIP,19.86,15.33,1.296,RISING,FLAT,FLAT,0.658,0,0,0,ENV_BLOCK,False,0,—,0,0,7,14,12
2023-10-26,67,GO,21.18,20.19,1.049,STABLE,FLAT,FLAT,0.596,28,33283.6,37534.0,TARGET,True,48572.0,ADD2_TIME_STOP,86106.0,33.3,15,14,12
2023-10-27,74,GO,20.2,13.76,1.468,STABLE,FLAT,FLAT,0.438,26,32393.399999999998,-3557.0,TIME_STOP,True,36648.0,ADD2_TARGET,33091.0,32.4,22,14,12
2023-10-30,90,GO,20.25,11.45,1.768,STABLE,FLAT,INVERTED,0.582,26,32216.6,33405.0,TARGET,True,7760.0,ADD2_TIME_STOP,41165.0,32.2,30,14,20
2023-10-31,90,GO,19.64,10.98,1.789,STABLE,FLAT,INVERTED,0.473,26,33085.0,-9321.0,TIME_STOP,True,21763.0,ADD_TIME_STOP,12442.0,33.1,30,14,20
2023-11-01,88,GO,17.47,11.83,1.476,STABLE,FLAT,INVERTED,0.363,23,32154.0,27842.0,TARGET,True,2401.0,ADD2_TIME_STOP,30243.0,32.2,22,20,20
2023-11-02,79,GO,16.16,11.95,1.352,FALLING,FLAT,FLAT,0.539,22,32351.0,-12225.0,TIME_STOP,True,15806.0,ADD_TIME_STOP,3581.0,32.4,27,14,12
2023-11-03,71,GO,15.15,11.36,1.334,FALLING,FLAT,FLAT,0.698,21,32113.2,23873.0,TARGET,False,0,—,23873.0,32.1,27,14,12
2023-11-06,80,GO,15.32,10.0,1.533,STABLE,FLAT,FLAT,0.265,22,33332.2,25674.0,TARGET,True,0,ADD_BLOCKED (FLAT/RISING),25674.0,33.3,30,20,12
2023-11-07,72,GO,14.82,11.03,1.344,STABLE,FLAT,FLAT,0.338,21,32694.9,10760.0,TIME_STOP,True,20376.0,ADD_TARGET,31136.0,32.7,22,20,12
2023-11-08,80,GO,14.54,8.17,1.78,STABLE,FLAT,FLAT,0.156,21,33022.5,23598.0,TARGET,True,21428.0,ADD_TARGET,45026.0,33.0,30,20,12
2023-11-09,65,SKIP,14.49,7.87,1.84,RISING,FLAT,FLAT,0.301,0,0,0,ENV_BLOCK,False,0,—,0,0,15,20,12
2023-11-10,69,GO,14.84,9.96,1.49,FALLING,FLAT,CONTANGO,0.303,21,32636.100000000002,-18295.0,WING_STOP,False,0,—,-18295.0,32.6,27,20,4
2023-11-13,72,GO,15.01,8.87,1.692,STABLE,FLAT,CONTANGO,0.291,21,32113.2,15672.0,TIME_STOP,True,18034.0,ADD_TARGET,33706.0,32.1,30,20,4
2023-11-14,42,WAIT,14.25,11.92,1.195,FALLING,FLAT,CONTANGO,0.705,0,0,0,NO_TRADE,False,0,—,0,0,20,0,4
2023-11-15,57,GO,14.11,12.84,1.099,STABLE,FLAT,CONTANGO,0.279,21,33184.200000000004,23333.0,TARGET,True,37911.0,ADD2_TARGET,61244.0,33.2,15,20,4
2023-11-16,72,GO,13.77,8.36,1.647,FALLING,FLAT,CONTANGO,0.349,20,32226.0,22184.0,TARGET,True,22102.0,ADD_TARGET,44286.0,32.2,30,20,4
2023-11-17,72,GO,13.98,7.69,1.818,STABLE,FLAT,CONTANGO,0.263,20,31796.0,22440.0,TARGET,False,0,—,22440.0,31.8,30,20,4
2023-11-20,66,GO,13.77,8.28,1.662,STABLE,FLAT,CONTANGO,0.404,20,32084.000000000007,-4000.0,TIME_STOP,True,5853.0,ADD_TIME_STOP,1853.0,32.1,30,14,4
2023-11-21,72,GO,13.54,7.04,1.922,STABLE,FLAT,CONTANGO,0.131,20,32514.0,21770.0,TARGET,False,0,—,21770.0,32.5,30,20,4
2023-11-22,36,WAIT,13.07,13.68,0.955,RISING,FLAT,CONTANGO,0.41,0,0,0,NO_TRADE,False,0,—,0,0,0,14,4
2023-11-24,72,GO,13.06,7.73,1.69,FALLING,FLAT,CONTANGO,0.165,20,33326.0,9284.0,EXPIRY,False,0,—,9284.0,33.3,30,20,4
2023-11-27,69,GO,12.86,8.69,1.48,FALLING,FLAT,CONTANGO,0.267,19,32123.3,20195.0,TARGET,False,0,—,20195.0,32.1,27,20,4
2023-11-28,72,GO,12.77,7.46,1.712,FALLING,FLAT,CONTANGO,0.149,19,32347.499999999996,20345.0,TARGET,True,17865.0,ADD_TARGET,38210.0,32.3,30,20,4
2023-11-29,72,GO,12.66,8.22,1.541,FALLING,FLAT,CONTANGO,0.346,19,32330.399999999998,-24244.0,TIME_STOP,True,4204.0,ADD_TIME_STOP,-20040.0,32.3,30,20,4
2023-11-30,65,GO,13.17,12.14,1.085,STABLE,FLAT,FLAT,0.329,20,33152.0,21580.0,TARGET,True,17233.0,ADD_TARGET,38813.0,33.2,15,20,12
2023-12-01,80,GO,12.81,6.93,1.848,FALLING,FLAT,FLAT,0.309,19,32142.300000000007,-10598.0,TIME_STOP,True,25713.0,ADD2_TARGET,15115.0,32.1,30,20,12
2023-12-04,85,GO,13.66,10.38,1.316,FALLING,FLAT,INVERTED,0.295,20,32094.0,22028.0,TARGET,True,38512.0,ADD2_TARGET,60540.0,32.1,27,20,20
2023-12-05,50,WAIT,13.76,15.66,0.879,RISING,FLAT,FLAT,0.331,0,0,0,NO_TRADE,False,0,—,0,0,0,20,12
2023-12-06,88,GO,12.73,7.0,1.818,FALLING,FLAT,INVERTED,0.207,19,32168.9,-18092.0,TIME_STOP,True,0,ADD_BLOCKED (FLAT/RISING),-18092.0,32.2,30,20,20
2023-12-07,65,SKIP,13.19,9.65,1.367,RISING,FLAT,INVERTED,0.217,0,0,0,ENV_BLOCK,False,0,—,0,0,7,20,20
2023-12-08,44,WAIT,13.24,15.57,0.851,RISING,FLAT,FLAT,0.443,0,0,0,NO_TRADE,False,0,—,0,0,0,14,12
2023-12-11,65,GO,13.0,11.57,1.124,STABLE,FLAT,FLAT,0.311,20,33182.0,19828.0,TIME_STOP,False,0,—,19828.0,33.2,15,20,12
2023-12-12,80,GO,12.39,7.79,1.591,STABLE,FLAT,FLAT,0.224,19,32681.9,-10883.0,TIME_STOP,True,7410.0,ADD_TIME_STOP,-3473.0,32.7,30,20,12
2023-12-13,80,GO,12.28,7.8,1.575,FALLING,FLAT,FLAT,0.14,19,32748.4,-25409.0,WING_STOP,False,0,—,-25409.0,32.7,30,20,12
2023-12-14,60,SKIP,12.19,13.36,0.912,STABLE,FLAT,FLAT,0.371,0,0,0,VP_SKIP,False,0,—,0,0,10,20,12
2023-12-15,42,WAIT,12.25,10.89,1.125,RISING,FLAT,CONTANGO,0.221,0,0,0,NO_TRADE,False,0,—,0,0,0,20,4
2023-12-18,80,GO,12.53,5.28,2.372,STABLE,FLAT,FLAT,0.227,19,31769.899999999998,20499.0,TARGET,False,0,—,20499.0,31.8,30,20,12
2023-12-19,57,SKIP,12.52,7.88,1.588,RISING,FLAT,CONTANGO,0.262,0,0,0,ENV_BLOCK,False,0,—,0,0,15,20,4
2023-12-20,72,GO,12.32,4.96,2.482,STABLE,FLAT,CONTANGO,0.254,19,32047.3,20256.0,TARGET,False,0,—,20256.0,32.0,30,20,4
2023-12-21,77,GO,13.66,11.28,1.211,FALLING,FLAT,FLAT,0.354,21,32688.600000000002,23623.0,TARGET,True,20138.0,ADD_TARGET,43761.0,32.7,27,20,12
2023-12-22,66,GO,13.81,6.62,2.086,FALLING,FLAT,CONTANGO,0.4,21,32195.1,24016.0,TARGET,False,0,—,24016.0,32.2,30,14,4
2023-12-26,80,GO,13.66,5.28,2.587,STABLE,FLAT,FLAT,0.194,21,32529.0,23793.0,TARGET,False,0,—,23793.0,32.5,30,20,12
2023-12-27,80,GO,12.74,5.29,2.41,STABLE,FLAT,FLAT,0.176,20,32734.0,21740.0,TARGET,False,0,—,21740.0,32.7,30,20,12
2023-12-28,72,GO,12.5,4.32,2.895,FALLING,FLAT,CONTANGO,0.128,20,33202.0,21830.0,TARGET,False,0,—,21830.0,33.2,30,20,4
2023-12-29,72,GO,12.65,4.23,2.994,STABLE,FLAT,CONTANGO,0.091,20,32900.0,22270.0,TARGET,True,0,ADD_BLOCKED (FLAT/RISING),22270.0,32.9,30,20,4
2024-01-02,50,WAIT,13.84,12.02,1.151,RISING,FLAT,FLAT,0.3,0,0,0,NO_TRADE,False,0,—,0,0,0,20,12
2024-01-03,57,SKIP,13.86,9.16,1.513,RISING,FLAT,CONTANGO,0.231,0,0,0,ENV_BLOCK,False,0,—,0,0,15,20,4
2024-01-04,64,GO,14.14,10.44,1.354,STABLE,FLAT,CONTANGO,0.277,21,31945.2,24081.0,TARGET,True,2956.0,ADD_BLOCKED (FLAT/RISING),27037.0,31.9,22,20,4
2024-01-05,57,GO,13.46,11.84,1.137,STABLE,FLAT,CONTANGO,0.399,21,33324.9,23339.0,TARGET,True,3490.0,ADD2_TARGET,26829.0,33.3,15,20,4
2024-01-08,64,GO,13.67,10.44,1.309,STABLE,FLAT,CONTANGO,0.329,21,32814.6,-25966.0,WING_STOP,False,0,—,-25966.0,32.8,22,20,4
2024-01-09,57,SKIP,13.31,8.13,1.638,RISING,FLAT,CONTANGO,0.244,0,0,0,ENV_BLOCK,False,0,—,0,0,15,20,4
2024-01-10,72,GO,12.73,8.2,1.552,STABLE,FLAT,CONTANGO,0.236,20,32848.0,16746.0,TIME_STOP,False,0,—,16746.0,32.8,30,20,4
2024-01-11,44,WAIT,12.59,15.16,0.831,FALLING,FLAT,CONTANGO,0.501,0,0,0,NO_TRADE,False,0,—,0,0,8,14,4
2024-01-12,43,WAIT,12.76,10.13,1.26,RISING,FLAT,CONTANGO,0.412,0,0,0,NO_TRADE,False,0,—,0,0,7,14,4
2024-01-16,66,GO,13.95,10.4,1.341,STABLE,FLAT,FLAT,0.429,21,31968.300000000003,24814.0,TARGET,True,28275.0,ADD2_TARGET,53089.0,32.0,22,14,12
2024-01-17,57,SKIP,15.35,9.76,1.572,RISING,FLAT,CONTANGO,0.275,0,0,0,ENV_BLOCK,False,0,—,0,0,15,20,4
2024-01-18,72,GO,14.34,8.87,1.618,STABLE,FLAT,CONTANGO,0.223,22,32791.0,-1758.0,TIME_STOP,False,0,—,-1758.0,32.8,30,20,4
2024-01-19,72,GO,13.69,8.22,1.666,STABLE,FLAT,CONTANGO,0.274,21,32314.8,-20336.0,WING_STOP,False,0,—,-20336.0,32.3,30,20,4
2024-01-22,77,GO,13.57,9.17,1.481,FALLING,FLAT,FLAT,0.309,21,32140.5,24118.0,TARGET,True,25463.0,ADD_TARGET,49581.0,32.1,27,20,12
2024-01-23,80,GO,13.09,7.91,1.655,FALLING,FLAT,FLAT,0.17,21,33198.899999999994,23306.0,TARGET,False,0,—,23306.0,33.2,30,20,12
2024-01-24,80,GO,12.43,6.69,1.857,FALLING,FLAT,FLAT,0.163,20,32784.0,22834.0,TARGET,True,-13817.0,ADD_TIME_STOP,9017.0,32.8,30,20,12
2024-01-25,80,GO,13.19,7.79,1.693,STABLE,FLAT,FLAT,0.173,21,32760.0,24457.0,TARGET,True,11014.0,ADD_TARGET,35471.0,32.8,30,20,12
2024-01-26,77,GO,13.57,9.59,1.415,FALLING,FLAT,FLAT,0.209,21,31949.4,24912.0,TARGET,False,0,—,24912.0,31.9,27,20,12
2024-01-29,80,GO,13.83,6.56,2.109,FALLING,FLAT,FLAT,0.156,22,32969.200000000004,25342.0,TARGET,False,0,—,25342.0,33.0,30,20,12
2024-01-30,65,SKIP,13.66,6.84,1.997,RISING,FLAT,FLAT,0.154,0,0,0,ENV_BLOCK,False,0,—,0,0,15,20,12
2024-01-31,77,GO,13.78,9.39,1.468,FALLING,FLAT,FLAT,0.32,22,33044.0,25969.0,TARGET,True,26026.0,ADD_TARGET,51995.0,33.0,27,20,12
2024-02-01,50,WAIT,14.33,12.24,1.171,RISING,FLAT,FLAT,0.294,0,0,0,NO_TRADE,False,0,—,0,0,0,20,12
2024-02-02,60,SKIP,13.93,14.02,0.994,STABLE,FLAT,FLAT,0.348,0,0,0,VP_SKIP,False,0,—,0,0,10,20,12
2024-02-05,50,WAIT,13.96,12.04,1.16,RISING,FLAT,FLAT,0.293,0,0,0,NO_TRADE,False,0,—,0,0,0,20,12
2024-02-06,77,GO,13.48,10.66,1.265,FALLING,FLAT,FLAT,0.319,21,31901.100000000002,24158.0,TARGET,False,0,—,24158.0,31.9,27,20,12
2024-02-07,57,SKIP,12.99,8.8,1.476,RISING,FLAT,FLAT,0.203,0,0,0,ENV_BLOCK,False,0,—,0,0,7,20,12
2024-02-08,72,GO,12.94,6.8,1.902,FALLING,FLAT,CONTANGO,0.142,21,32724.3,23703.0,TARGET,False,0,—,23703.0,32.7,30,20,4
2024-02-09,57,SKIP,12.83,6.18,2.077,RISING,FLAT,CONTANGO,0.206,0,0,0,ENV_BLOCK,False,0,—,0,0,15,20,4
2024-02-12,72,GO,13.54,3.84,3.523,FALLING,FLAT,CONTANGO,0.071,22,32793.200000000004,25500.0,TARGET,True,0,ADD_BLOCKED (FLAT/RISING),25500.0,32.8,30,20,4
2024-02-13,77,GO,14.77,11.84,1.247,FALLING,FLAT,FLAT,0.376,23,32273.600000000002,2847.0,TIME_STOP,True,-31279.0,ADD2_TIME_STOP,-28432.0,32.3,27,20,12
2024-02-14,72,GO,14.33,9.28,1.544,FALLING,FLAT,CONTANGO,0.284,23,32963.6,27276.0,TARGET,True,0,ADD_BLOCKED (FLAT/RISING),27276.0,33.0,30,20,4
2024-02-15,49,WAIT,14.29,9.71,1.472,RISING,FLAT,CONTANGO,0.26,0,0,0,NO_TRADE,False,0,—,0,0,7,20,4
2024-02-16,43,WAIT,14.65,10.02,1.462,RISING,FLAT,CONTANGO,0.628,0,0,0,NO_TRADE,False,0,—,0,0,7,14,4
2024-02-20,59,GO,15.58,13.12,1.187,STABLE,FLAT,FLAT,0.435,24,32006.4,30062.0,TARGET,True,14589.0,ADD_TIME_STOP,44651.0,32.0,15,14,12
2024-02-21,80,GO,15.85,7.49,2.115,STABLE,FLAT,FLAT,0.147,25,32902.5,32580.0,TARGET,False,0,—,32580.0,32.9,30,20,12
2024-02-22,36,WAIT,14.35,13.85,1.036,RISING,FLAT,CONTANGO,0.502,0,0,0,NO_TRADE,False,0,—,0,0,0,14,4
2024-02-23,49,WAIT,14.2,11.8,1.203,RISING,FLAT,CONTANGO,0.199,0,0,0,NO_TRADE,False,0,—,0,0,7,20,4
2024-02-26,65,SKIP,13.9,8.39,1.657,RISING,FLAT,FLAT,0.201,0,0,0,ENV_BLOCK,False,0,—,0,0,15,20,12
2024-02-27,80,GO,13.52,8.05,1.679,FALLING,FLAT,FLAT,0.246,22,32643.6,25542.0,TARGET,False,0,—,25542.0,32.6,30,20,12
2024-02-28,80,GO,13.65,8.63,1.582,FALLING,FLAT,FLAT,0.175,22,32386.199999999997,25650.0,TARGET,True,22784.0,ADD_TARGET,48434.0,32.4,30,20,12
2024-02-29,80,GO,13.35,5.95,2.245,STABLE,FLAT,FLAT,0.216,22,32832.799999999996,26147.0,TARGET,True,0,ADD_BLOCKED (FLAT/RISING),26147.0,32.8,30,20,12
2024-03-01,72,GO,13.22,7.74,1.707,STABLE,FLAT,CONTANGO,0.283,22,33105.6,-26565.0,TIME_STOP,True,11038.0,ADD2_TARGET,-15527.0,33.1,30,20,4
2024-03-04,80,GO,13.52,8.17,1.654,FALLING,FLAT,FLAT,0.135,22,32276.199999999997,26068.0,TARGET,False,0,—,26068.0,32.3,30,20,12
2024-03-05,57,SKIP,14.0,9.62,1.456,RISING,FLAT,FLAT,0.181,0,0,0,ENV_BLOCK,False,0,—,0,0,7,20,12
2024-03-06,80,GO,14.24,9.57,1.488,STABLE,FLAT,INVERTED,0.274,23,32372.5,27885.0,TARGET,True,56188.0,ADD2_TARGET,84073.0,32.4,22,20,20
2024-03-07,72,GO,14.39,11.01,1.307,STABLE,FLAT,FLAT,0.294,23,31963.100000000002,27756.0,TARGET,True,25549.0,ADD_TARGET,53305.0,32.0,22,20,12
2024-03-08,71,GO,14.07,10.2,1.379,FALLING,FLAT,FLAT,0.469,23,32351.800000000003,-13301.0,WING_STOP,False,0,—,-13301.0,32.4,27,14,12
2024-03-11,80,GO,15.88,11.23,1.414,STABLE,FLAT,INVERTED,0.308,25,32084.999999999996,21027.0,TIME_STOP,True,19811.0,ADD_TARGET,40838.0,32.1,22,20,20
2024-03-12,54,WAIT,14.35,16.15,0.888,STABLE,FLAT,FLAT,0.561,0,0,0,NO_TRADE,False,0,—,0,0,10,14,12
2024-03-13,80,GO,13.93,6.2,2.248,FALLING,FLAT,FLAT,0.233,23,32729.0,27784.0,TARGET,False,0,—,27784.0,32.7,30,20,12
2024-03-14,38,WAIT,14.3,14.1,1.014,RISING,FALLING,INVERTED,0.718,0,0,0,NO_TRADE,False,0,—,0,0,0,0,20
2024-03-15,65,SKIP,14.82,14.9,0.995,FALLING,FLAT,FLAT,0.321,0,0,0,VP_SKIP,False,0,—,0,0,15,20,12
2024-03-18,77,GO,14.5,9.72,1.492,FALLING,FLAT,FLAT,0.288,24,33021.600000000006,29297.0,TARGET,False,0,—,29297.0,33.0,27,20,12
2024-03-19,72,GO,14.28,10.96,1.302,STABLE,FLAT,FLAT,0.198,23,32174.7,-11502.0,TIME_STOP,True,14734.0,ADD_BLOCKED (FLAT/RISING),3232.0,32.2,22,20,12
2024-03-20,80,GO,14.06,6.56,2.143,FALLING,FLAT,FLAT,0.176,23,32427.7,-28442.0,WING_STOP,False,0,—,-28442.0,32.4,30,20,12
2024-03-21,72,GO,12.79,8.23,1.554,STABLE,FLAT,CONTANGO,0.24,22,33191.4,26118.0,TARGET,False,0,—,26118.0,33.2,30,20,4
2024-03-22,72,GO,12.88,8.21,1.569,FALLING,FLAT,CONTANGO,0.179,22,33039.600000000006,25307.0,TARGET,False,0,—,25307.0,33.0,30,20,4
2024-03-25,72,GO,13.28,7.5,1.77,STABLE,FLAT,CONTANGO,0.149,22,32282.799999999996,25967.0,TARGET,False,0,—,25967.0,32.3,30,20,4
2024-03-26,72,GO,13.07,6.81,1.92,FALLING,FLAT,CONTANGO,0.133,22,32681.0,25538.0,TARGET,False,0,—,25538.0,32.7,30,20,4
2024-03-27,57,SKIP,13.16,5.69,2.314,RISING,FLAT,CONTANGO,0.194,0,0,0,ENV_BLOCK,False,0,—,0,0,15,20,4
2024-03-28,72,GO,12.98,6.66,1.95,STABLE,FLAT,CONTANGO,0.181,22,32802.0,25406.0,TARGET,False,0,—,25406.0,32.8,30,20,4
2024-04-01,72,GO,13.58,6.95,1.954,FALLING,FLAT,CONTANGO,0.182,23,32936.0,5186.0,TIME_STOP,True,56360.0,ADD2_TARGET,61546.0,32.9,30,20,4
2024-04-02,80,GO,15.11,6.15,2.455,FALLING,FLAT,FLAT,0.303,25,32977.5,31140.0,TARGET,False,0,—,31140.0,33.0,30,20,12
2024-04-03,57,SKIP,14.9,12.31,1.211,RISING,FLAT,FLAT,0.373,0,0,0,ENV_BLOCK,False,0,—,0,0,7,20,12
2024-04-04,72,GO,13.98,6.25,2.238,STABLE,FLAT,CONTANGO,0.208,23,32186.2,-15295.0,WING_STOP,False,0,—,-15295.0,32.2,30,20,4
2024-04-05,79,GO,16.15,11.92,1.354,FALLING,FLAT,FLAT,0.482,26,32396.0,-11263.0,WING_STOP,False,0,—,-11263.0,32.4,27,14,12
2024-04-08,80,GO,15.94,9.23,1.727,FALLING,FLAT,FLAT,0.253,26,32645.6,33212.0,TARGET,False,0,—,33212.0,32.6,30,20,12
2024-04-09,80,GO,15.42,9.88,1.56,FALLING,FLAT,FLAT,0.379,25,32337.5,-13525.0,WING_STOP,False,0,—,-13525.0,32.3,30,20,12
2024-04-10,60,SKIP,16.17,20.93,0.773,FALLING,FLAT,FLAT,0.45,0,0,0,VP_SKIP,False,0,—,0,0,8,14,12
2024-04-11,73,GO,16.11,15.86,1.016,STABLE,FLAT,FLAT,0.341,26,32559.8,-14399.0,WING_STOP,False,0,—,-14399.0,32.6,15,20,12
2024-04-12,88,GO,16.87,11.04,1.528,STABLE,FLAT,FLAT,0.305,27,32427.0,-10830.0,WING_STOP,False,0,—,-10830.0,32.4,30,20,12
2024-04-15,88,GO,16.3,10.71,1.521,STABLE,FLAT,FLAT,0.364,26,32232.2,-11430.0,WING_STOP,False,0,—,-11430.0,32.2,30,20,12
2024-04-16,82,GO,19.06,15.63,1.219,STABLE,FLAT,INVERTED,0.428,30,32874.0,42024.0,TARGET,True,39266.0,ADD2_TARGET,81290.0,32.9,22,14,20
2024-04-17,80,GO,17.92,13.09,1.369,STABLE,FLAT,FLAT,0.261,28,32401.599999999995,-11710.0,WING_STOP,False,0,—,-11710.0,32.4,22,20,12
2024-04-18,74,GO,17.95,14.0,1.282,STABLE,FLAT,FLAT,0.469,28,32597.600000000002,37430.0,TARGET,True,-10449.0,ADD2_WING_STOP,26981.0,32.6,22,14,12
2024-04-19,80,GO,18.33,15.26,1.201,STABLE,FLAT,FLAT,0.356,29,33222.399999999994,-9814.0,WING_STOP,False,0,—,-9814.0,33.2,22,20,12
2024-04-22,85,GO,17.91,14.83,1.207,FALLING,FLAT,FLAT,0.268,28,32891.6,-10934.0,WING_STOP,False,0,—,-10934.0,32.9,27,20,12
2024-04-23,52,WAIT,16.37,19.04,0.86,RISING,FLAT,FLAT,0.474,0,0,0,NO_TRADE,False,0,—,0,0,0,14,12
2024-04-24,65,GO,15.79,13.19,1.197,STABLE,FLAT,FLAT,0.263,25,32327.499999999996,31405.0,TARGET,True,46494.0,ADD2_TARGET,77899.0,32.3,15,20,12
2024-04-25,80,GO,17.44,15.24,1.144,FALLING,FLAT,INVERTED,0.52,27,32397.300000000003,-11021.0,WING_STOP,False,0,—,-11021.0,32.4,20,14,20
2024-04-26,64,GO,15.25,14.42,1.058,FALLING,FLAT,FLAT,0.488,25,33280.0,27010.0,TIME_STOP,True,46119.0,ADD2_TIME_STOP,73129.0,33.3,20,14,12
2024-04-29,85,GO,15.16,11.39,1.331,FALLING,FLAT,INVERTED,0.359,24,32025.6,29813.0,TARGET,False,0,—,29813.0,32.0,27,20,20
2024-04-30,88,GO,14.82,9.42,1.573,FALLING,FLAT,INVERTED,0.26,24,32635.200000000004,-12821.0,WING_STOP,False,0,—,-12821.0,32.6,30,20,20
2024-05-01,88,GO,16.08,12.61,1.275,STABLE,FLAT,INVERTED,0.322,25,32109.999999999996,-24268.0,WING_STOP,False,0,—,-24268.0,32.1,22,20,20
2024-05-02,64,GO,15.37,13.2,1.164,FALLING,FLAT,FLAT,0.503,24,32061.600000000002,-14026.0,TIME_STOP,True,-15226.0,ADD_BLOCKED (FLAT/RISING),-29252.0,32.1,20,14,12
2024-05-03,44,WAIT,13.85,14.6,0.949,RISING,FLAT,FLAT,0.516,0,0,0,NO_TRADE,False,0,—,0,0,0,14,12
2024-05-06,80,GO,13.69,6.73,2.033,FALLING,FLAT,FLAT,0.317,23,33258.0,27869.0,TARGET,False,0,—,27869.0,33.3,30,20,12
2024-05-07,80,GO,13.62,8.77,1.554,STABLE,FLAT,FLAT,0.165,23,33267.200000000004,27269.0,TARGET,False,0,—,27269.0,33.3,30,20,12
2024-05-08,80,GO,13.26,7.37,1.799,FALLING,FLAT,FLAT,0.301,22,32588.6,26105.0,TARGET,False,0,—,26105.0,32.6,30,20,12
2024-05-09,80,GO,13.21,7.08,1.865,FALLING,FLAT,FLAT,0.227,22,32639.200000000004,6613.0,TIME_STOP,True,22206.0,ADD_TARGET,28819.0,32.6,30,20,12
2024-05-10,72,GO,12.88,8.8,1.464,STABLE,FLAT,FLAT,0.271,22,33052.799999999996,26132.0,TARGET,True,27653.0,ADD_TARGET,53785.0,33.1,22,20,12
2024-05-13,80,GO,13.4,7.76,1.727,FALLING,FLAT,FLAT,0.249,22,32032.0,26374.0,TARGET,True,0,ADD_BLOCKED (FLAT/RISING),26374.0,32.0,30,20,12
2024-05-14,80,GO,13.82,6.85,2.016,FALLING,FLAT,FLAT,0.161,23,32634.7,9159.0,TIME_STOP,False,0,—,9159.0,32.6,30,20,12
2024-05-15,72,GO,13.04,10.46,1.247,STABLE,FLAT,FLAT,0.304,22,32540.200000000004,-18176.0,TIME_STOP,True,8876.0,ADD_BLOCKED (FLAT/RISING),-9300.0,32.5,22,20,12
2024-05-16,72,GO,12.42,4.36,2.849,FALLING,FLAT,CONTANGO,0.09,21,32134.2,23967.0,TARGET,False,0,—,23967.0,32.1,30,20,4
2024-05-17,72,GO,12.37,6.68,1.853,STABLE,FLAT,CONTANGO,0.202,21,32340.0,24268.0,TARGET,False,0,—,24268.0,32.3,30,20,4
2024-05-20,72,GO,12.18,6.26,1.945,STABLE,FLAT,CONTANGO,0.354,21,32644.5,24398.0,TARGET,False,0,—,24398.0,32.6,30,20,4
2024-05-21,72,GO,12.33,6.59,1.872,FALLING,FLAT,CONTANGO,0.162,21,32405.1,24255.0,TARGET,False,0,—,24255.0,32.4,30,20,4
2024-05-22,72,GO,11.93,4.96,2.407,STABLE,FLAT,CONTANGO,0.13,21,33194.700000000004,1273.0,TIME_STOP,False,0,—,1273.0,33.2,30,20,4
2024-05-23,36,WAIT,12.28,12.52,0.981,STABLE,FALLING,CONTANGO,0.682,0,0,0,NO_TRADE,False,0,—,0,0,10,4,4
2024-05-24,42,WAIT,12.37,13.46,0.919,RISING,FLAT,CONTANGO,0.254,0,0,0,NO_TRADE,False,0,—,0,0,0,20,4
2024-05-28,72,GO,12.88,8.17,1.576,FALLING,FLAT,CONTANGO,0.284,22,32698.6,25843.0,TARGET,False,0,—,25843.0,32.7,30,20,4
2024-05-29,72,GO,13.98,8.33,1.678,STABLE,FLAT,CONTANGO,0.304,23,32073.5,28768.0,TARGET,False,0,—,28768.0,32.1,30,20,4
2024-05-30,80,GO,13.85,8.6,1.611,FALLING,FLAT,FLAT,0.224,23,32416.199999999997,27743.0,TARGET,False,0,—,27743.0,32.4,30,20,12
2024-05-31,59,GO,13.78,11.9,1.158,STABLE,FLAT,FLAT,0.405,23,32634.7,-13204.0,WING_STOP,False,0,—,-13204.0,32.6,15,14,12
2024-06-03,58,SKIP,13.13,12.02,1.092,RISING,FLAT,INVERTED,0.353,0,0,0,ENV_BLOCK,False,0,—,0,0,0,20,20
2024-06-04,58,SKIP,13.48,13.71,0.983,RISING,FLAT,INVERTED,0.355,0,0,0,VP_SKIP,False,0,—,0,0,0,20,20
2024-06-05,73,SKIP,13.09,7.74,1.692,RISING,FLAT,INVERTED,0.351,0,0,0,ENV_BLOCK,False,0,—,0,0,15,20,20
2024-06-06,73,SKIP,12.74,8.12,1.569,RISING,FLAT,INVERTED,0.217,0,0,0,ENV_BLOCK,False,0,—,0,0,15,20,20
2024-06-07,78,GO,12.57,11.09,1.133,FALLING,FLAT,INVERTED,0.348,22,33160.6,25694.0,TARGET,True,22748.0,ADD_BLOCKED (FLAT/RISING),48442.0,33.2,20,20,20
2024-06-10,80,GO,13.11,6.92,1.895,FALLING,FLAT,FLAT,0.182,22,32078.199999999997,-1925.0,TIME_STOP,True,20307.0,ADD_TARGET,18382.0,32.1,30,20,12
2024-06-11,44,WAIT,13.28,12.13,1.095,RISING,FLAT,FLAT,0.481,0,0,0,NO_TRADE,False,0,—,0,0,0,14,12
2024-06-12,63,GO,12.31,9.22,1.336,FALLING,FLAT,CONTANGO,0.513,22,33312.4,25667.0,TARGET,False,0,—,25667.0,33.3,27,14,4
2024-06-13,64,GO,12.11,9.19,1.318,STABLE,FLAT,CONTANGO,0.332,21,32216.1,23808.0,TARGET,True,20093.0,ADD_TIME_STOP,43901.0,32.2,22,20,4
2024-06-14,49,WAIT,12.63,9.63,1.312,RISING,FLAT,CONTANGO,0.23,0,0,0,NO_TRADE,False,0,—,0,0,7,20,4
2024-06-17,80,GO,13.18,8.03,1.641,STABLE,FLAT,FLAT,0.197,23,32896.9,-16167.0,WING_STOP,False,0,—,-16167.0,32.9,30,20,12
2024-06-18,57,SKIP,12.42,9.21,1.349,RISING,FLAT,FLAT,0.211,0,0,0,ENV_BLOCK,False,0,—,0,0,7,20,12
2024-06-20,80,GO,12.84,7.83,1.64,FALLING,FLAT,FLAT,0.254,23,33260.3,-14902.0,WING_STOP,False,0,—,-14902.0,33.3,30,20,12
2024-06-21,52,WAIT,13.52,14.86,0.91,STABLE,FLAT,CONTANGO,0.349,0,0,0,NO_TRADE,False,0,—,0,0,10,20,4
2024-06-24,43,WAIT,13.46,9.2,1.464,RISING,FLAT,CONTANGO,0.402,0,0,0,NO_TRADE,False,0,—,0,0,7,14,4
2024-06-25,72,GO,13.44,8.83,1.523,STABLE,FLAT,CONTANGO,0.17,23,32167.800000000003,28660.0,TARGET,False,0,—,28660.0,32.2,30,20,4
2024-06-26,69,GO,12.96,9.83,1.318,FALLING,FLAT,CONTANGO,0.237,23,33149.9,27193.0,TARGET,False,0,—,27193.0,33.1,27,20,4
2024-06-27,42,WAIT,12.47,11.27,1.107,RISING,FLAT,CONTANGO,0.299,0,0,0,NO_TRADE,False,0,—,0,0,0,20,4
2024-06-28,72,GO,12.25,7.2,1.702,STABLE,FLAT,CONTANGO,0.377,22,33088.0,-16661.0,TIME_STOP,True,0,ADD_BLOCKED (FLAT/RISING),-16661.0,33.1,30,20,4
2024-07-01,42,WAIT,12.85,12.03,1.068,RISING,FLAT,CONTANGO,0.349,0,0,0,NO_TRADE,False,0,—,0,0,0,20,4
2024-07-02,57,GO,12.38,11.66,1.062,STABLE,FLAT,CONTANGO,0.338,22,32898.8,-3872.0,TIME_STOP,True,0,ADD_BLOCKED (FLAT/RISING),-3872.0,32.9,15,20,4
2024-07-03,72,GO,11.98,7.04,1.701,STABLE,FLAT,CONTANGO,0.254,21,32113.2,166.0,EXPIRY,True,979.0,ADD_EXPIRY,1145.0,32.1,30,20,4
2024-07-05,49,WAIT,12.18,8.79,1.385,RISING,FLAT,CONTANGO,0.242,0,0,0,NO_TRADE,False,0,—,0,0,7,20,4
2024-07-08,64,GO,12.57,8.41,1.495,STABLE,FLAT,CONTANGO,0.215,22,32005.6,26206.0,TARGET,True,22034.0,ADD_TARGET,48240.0,32.0,22,20,4
2024-07-09,72,GO,12.4,6.35,1.952,FALLING,FLAT,CONTANGO,0.139,22,32326.800000000003,26231.0,TARGET,False,0,—,26231.0,32.3,30,20,4
2024-07-10,72,GO,12.46,4.73,2.632,STABLE,FLAT,CONTANGO,0.119,22,32126.6,565.0,TIME_STOP,True,0,ADD_BLOCKED (FLAT/RISING),565.0,32.1,30,20,4
2024-07-11,64,GO,12.5,8.51,1.469,STABLE,FLAT,CONTANGO,0.137,23,33308.6,-14844.0,WING_STOP,False,0,—,-14844.0,33.3,22,20,4
2024-07-12,72,GO,12.29,8.13,1.511,STABLE,FLAT,CONTANGO,0.391,22,32463.199999999997,-17824.0,WING_STOP,False,0,—,-17824.0,32.5,30,20,4
2024-07-15,57,GO,12.84,11.39,1.127,STABLE,FLAT,CONTANGO,0.25,23,32535.800000000003,27538.0,TARGET,True,24553.0,ADD_BLOCKED (FLAT/RISING),52091.0,32.5,15,20,4
2024-07-16,64,GO,13.08,10.32,1.267,STABLE,FLAT,CONTANGO,0.193,23,31981.5,27961.0,TARGET,False,0,—,27961.0,32.0,22,20,4
2024-07-17,64,GO,13.93,10.88,1.28,STABLE,FLAT,CONTANGO,0.268,25,33075.0,19830.0,TIME_STOP,True,37001.0,ADD_TARGET,56831.0,33.1,22,20,4
2024-07-18,49,WAIT,14.23,11.83,1.203,RISING,FLAT,CONTANGO,0.239,0,0,0,NO_TRADE,False,0,—,0,0,7,20,4
2024-07-19,70,GO,16.01,13.48,1.187,FALLING,FLAT,CONTANGO,0.374,28,33073.6,-9727.0,WING_STOP,False,0,—,-9727.0,33.1,20,20,4
2024-07-22,57,SKIP,15.76,12.89,1.223,RISING,FLAT,FLAT,0.385,0,0,0,ENV_BLOCK,False,0,—,0,0,7,20,12
2024-07-23,72,GO,14.68,11.14,1.318,STABLE,FLAT,FLAT,0.306,26,33056.4,33225.0,TARGET,False,0,—,33225.0,33.1,22,20,12
2024-07-24,82,GO,16.2,10.24,1.582,STABLE,FLAT,FLAT,0.5,28,33062.4,-12474.0,WING_STOP,False,0,—,-12474.0,33.1,30,14,12
2024-07-25,70,SKIP,18.41,18.41,1.0,STABLE,FLAT,INVERTED,0.44,0,0,0,VP_SKIP,False,0,—,0,0,10,14,20
2024-07-26,86,GO,17.25,16.41,1.051,FALLING,FLAT,INVERTED,0.38,29,32552.5,-7209.0,WING_STOP,False,0,—,-7209.0,32.6,20,20,20
2024-07-29,66,SKIP,16.65,15.56,1.07,RISING,FLAT,INVERTED,0.398,0,0,0,ENV_BLOCK,False,0,—,0,0,0,20,20
2024-07-30,93,GO,16.5,11.27,1.465,FALLING,FLAT,INVERTED,0.282,28,32533.200000000004,-12527.0,WING_STOP,False,0,—,-12527.0,32.5,27,20,20
2024-07-31,86,GO,16.52,14.79,1.117,FALLING,FLAT,INVERTED,0.333,28,32373.600000000002,-15753.0,WING_STOP,False,0,—,-15753.0,32.4,20,20,20
2024-08-01,52,WAIT,16.09,14.33,1.123,RISING,FLAT,FLAT,0.511,0,0,0,NO_TRADE,False,0,—,0,0,0,14,12
2024-08-02,63,SKIP,21.66,27.78,0.78,STABLE,FLAT,INVERTED,0.555,0,0,0,VP_SKIP,False,0,—,0,0,3,14,20
2024-08-05,30,SKIP,42.87,62.55,0.685,RISING,RISING,INVERTED,1.779,0,0,0,NO_TRADE,False,0,—,0,0,0,0,20
2024-08-06,49,WAIT,30.0,27.11,1.107,STABLE,RISING,FLAT,0.858,0,0,0,NO_TRADE,False,0,—,0,0,15,0,12
2024-08-07,52,WAIT,21.99,18.58,1.183,RISING,FLAT,FLAT,0.692,0,0,0,NO_TRADE,False,0,—,0,0,0,14,12
2024-08-08,60,SKIP,25.55,24.18,1.057,RISING,FLAT,INVERTED,0.664,0,0,0,ENV_BLOCK,False,0,—,0,0,0,14,20
2024-08-09,74,GO,24.23,19.32,1.254,STABLE,FLAT,FLAT,0.459,39,32635.200000000004,-792.0,WING_STOP,False,0,—,-792.0,32.6,22,14,12
2024-08-12,90,GO,20.91,12.56,1.665,STABLE,FLAT,INVERTED,0.672,34,32561.800000000003,-6457.0,WING_STOP,False,0,—,-6457.0,32.6,30,14,20
2024-08-13,67,SKIP,19.54,12.87,1.518,RISING,FLAT,FLAT,0.411,0,0,0,ENV_BLOCK,False,0,—,0,0,15,14,12
2024-08-14,74,GO,17.43,12.32,1.415,STABLE,FLAT,FLAT,0.415,29,32314.700000000004,35380.0,TIME_STOP,True,33325.0,ADD_BLOCKED (FLAT/RISING),68705.0,32.3,22,14,12
2024-08-15,77,GO,15.32,11.33,1.352,FALLING,FLAT,FLAT,0.287,26,32130.8,-4134.0,TIME_STOP,True,29272.0,ADD_TARGET,25138.0,32.1,27,20,12
2024-08-16,64,GO,15.26,11.02,1.385,STABLE,FLAT,CONTANGO,0.294,26,32141.2,22337.0,TIME_STOP,True,23417.0,ADD_TARGET,45754.0,32.1,22,20,4
2024-08-19,80,GO,15.15,9.65,1.569,STABLE,FLAT,FLAT,0.184,26,32206.2,-17810.0,TIME_STOP,True,29597.0,ADD_TARGET,11787.0,32.2,30,20,12
2024-08-20,80,GO,14.88,6.17,2.413,STABLE,FLAT,FLAT,0.325,26,32427.2,13551.0,TIME_STOP,True,0,ADD_BLOCKED (FLAT/RISING),13551.0,32.4,30,20,12
2024-08-21,88,GO,16.27,9.03,1.802,FALLING,FLAT,FLAT,0.291,28,32242.0,37195.0,TARGET,True,0,ADD_BLOCKED (FLAT/RISING),37195.0,32.2,30,20,12
2024-08-22,73,SKIP,16.23,10.77,1.506,RISING,FLAT,FLAT,0.278,0,0,0,ENV_BLOCK,False,0,—,0,0,15,20,12
2024-08-23,50,WAIT,16.59,14.36,1.155,RISING,FLAT,CONTANGO,0.374,0,0,0,NO_TRADE,False,0,—,0,0,0,20,4
2024-08-26,88,GO,16.02,10.19,1.573,FALLING,FLAT,FLAT,0.236,28,32558.399999999998,5362.0,TIME_STOP,True,76457.0,ADD2_TARGET,81819.0,32.6,30,20,12
2024-08-27,77,GO,16.41,11.87,1.383,FALLING,FLAT,CONTANGO,0.355,29,33158.6,35325.0,TIME_STOP,True,33582.0,ADD_TARGET,68907.0,33.2,27,20,4
2024-08-28,72,GO,15.75,8.66,1.818,STABLE,FLAT,CONTANGO,0.198,28,33168.799999999996,-10968.0,WING_STOP,False,0,—,-10968.0,33.2,30,20,4
2024-08-29,36,WAIT,15.26,18.38,0.83,RISING,FLAT,CONTANGO,0.431,0,0,0,NO_TRADE,False,0,—,0,0,0,14,4
2024-08-30,42,WAIT,14.95,13.2,1.133,RISING,FLAT,CONTANGO,0.347,0,0,0,NO_TRADE,False,0,—,0,0,0,20,4
2024-09-03,59,SKIP,17.5,14.15,1.237,RISING,FLAT,FLAT,0.601,0,0,0,ENV_BLOCK,False,0,—,0,0,7,14,12
2024-09-04,52,WAIT,21.78,27.93,0.78,RISING,FLAT,FLAT,0.503,0,0,0,NO_TRADE,False,0,—,0,0,0,14,12
2024-09-05,80,GO,19.91,15.41,1.292,STABLE,FLAT,FLAT,0.355,34,32942.6,-9823.0,WING_STOP,False,0,—,-9823.0,32.9,22,20,12
2024-09-06,58,GO,20.31,19.79,1.026,FALLING,FLAT,FLAT,0.74,34,32575.399999999998,-11183.0,WING_STOP,False,0,—,-11183.0,32.6,20,0,12
2024-09-09,73,SKIP,20.44,10.13,2.018,RISING,FLAT,FLAT,0.365,0,0,0,ENV_BLOCK,False,0,—,0,0,15,20,12
2024-09-10,88,GO,19.17,11.0,1.743,STABLE,FLAT,FLAT,0.218,32,32368.0,-9546.0,WING_STOP,False,0,—,-9546.0,32.4,30,20,12
2024-09-11,53,WAIT,19.96,20.25,0.986,FALLING,FLAT,FLAT,0.946,0,0,0,NO_TRADE,False,0,—,0,0,15,0,12
2024-09-12,52,WAIT,18.41,15.84,1.162,RISING,FLAT,FLAT,0.47,0,0,0,NO_TRADE,False,0,—,0,0,0,14,12
2024-09-13,82,GO,16.75,8.4,1.995,FALLING,FLAT,FLAT,0.409,29,32503.199999999997,38985.0,TARGET,True,0,ADD_BLOCKED (FLAT/RISING),38985.0,32.5,30,14,12
2024-09-16,88,GO,17.19,11.43,1.504,STABLE,FLAT,FLAT,0.391,30,32769.0,41268.0,TARGET,True,61108.0,ADD2_TARGET,102376.0,32.8,30,20,12
2024-09-17,88,GO,17.32,10.23,1.693,STABLE,FLAT,FLAT,0.234,30,32432.999999999996,12363.0,TIME_STOP,True,-5690.0,ADD2_TIME_STOP,6673.0,32.4,30,20,12
2024-09-18,88,GO,19.05,6.98,2.728,FALLING,FLAT,FLAT,0.218,33,32742.600000000002,-6072.0,WING_STOP,False,0,—,-6072.0,32.7,30,20,12
2024-09-19,44,WAIT,16.52,14.11,1.171,RISING,FLAT,CONTANGO,0.466,0,0,0,NO_TRADE,False,0,—,0,0,0,14,4
2024-09-20,80,GO,16.36,8.34,1.961,STABLE,FLAT,CONTANGO,0.327,29,32781.600000000006,39069.0,TARGET,True,8389.0,ADD_BLOCKED (FLAT/RISING),47458.0,32.8,30,20,4
2024-09-23,77,GO,16.11,13.17,1.223,FALLING,FLAT,CONTANGO,0.185,29,33184.7,38558.0,TARGET,False,0,—,38558.0,33.2,27,20,4
2024-09-24,51,WAIT,15.95,10.41,1.532,RISING,FLAT,CONTANGO,0.429,0,0,0,NO_TRADE,False,0,—,0,0,15,14,4
2024-09-25,72,GO,15.31,7.7,1.988,STABLE,FLAT,CONTANGO,0.154,27,32202.9,29897.0,TIME_STOP,True,0,ADD_BLOCKED (FLAT/RISING),29897.0,32.2,30,20,4
2024-09-26,72,GO,15.25,8.96,1.703,FALLING,FLAT,CONTANGO,0.222,27,32200.199999999997,24505.0,TIME_STOP,True,0,ADD_BLOCKED (FLAT/RISING),24505.0,32.2,30,20,4
2024-09-27,72,GO,15.48,6.73,2.299,FALLING,FLAT,CONTANGO,0.154,28,32995.200000000004,36932.0,TARGET,False,0,—,36932.0,33.0,30,20,4
2024-09-30,88,GO,17.18,7.94,2.164,FALLING,FLAT,FLAT,0.224,31,33318.799999999996,42296.0,TARGET,False,0,—,42296.0,33.3,30,20,12
2024-10-01,53,WAIT,19.04,18.25,1.044,STABLE,FLAT,FLAT,0.864,0,0,0,NO_TRADE,False,0,—,0,0,15,0,12
2024-10-02,59,SKIP,19.52,14.11,1.383,RISING,FLAT,FLAT,0.424,0,0,0,ENV_BLOCK,False,0,—,0,0,7,14,12
2024-10-03,88,GO,19.49,12.81,1.522,STABLE,FLAT,FLAT,0.313,34,32667.2,48787.0,TARGET,True,5966.0,ADD_BLOCKED (FLAT/RISING),54753.0,32.7,30,20,12
2024-10-04,66,GO,19.64,14.68,1.338,STABLE,FLAT,CONTANGO,0.463,35,33278.0,50589.0,TARGET,True,19614.0,ADD2_TIME_STOP,70203.0,33.3,22,14,4
2024-10-07,80,GO,21.05,10.39,2.026,STABLE,FLAT,CONTANGO,0.218,37,32885.6,-7396.0,WING_STOP,False,0,—,-7396.0,32.9,30,20,4
2024-10-08,80,GO,21.55,9.73,2.215,STABLE,FLAT,CONTANGO,0.311,38,33059.99999999999,22838.0,TIME_STOP,True,0,ADD_BLOCKED (FLAT/RISING),22838.0,33.1,30,20,4
2024-10-09,80,GO,21.04,8.52,2.469,FALLING,FLAT,CONTANGO,0.207,37,32778.299999999996,-836.0,TIME_STOP,True,87971.0,ADD2_TARGET,87135.0,32.8,30,20,4
2024-10-10,65,SKIP,21.08,12.91,1.632,RISING,FLAT,CONTANGO,0.292,0,0,0,ENV_BLOCK,False,0,—,0,0,15,20,4
2024-10-11,80,GO,20.63,9.59,2.151,FALLING,FLAT,CONTANGO,0.341,37,33170.5,24550.0,TIME_STOP,True,50491.0,ADD_TARGET,75041.0,33.2,30,20,4
2024-10-14,74,GO,20.38,6.22,3.279,FALLING,FLAT,CONTANGO,0.423,37,33218.6,53709.0,TARGET,False,0,—,53709.0,33.2,30,14,4
2024-10-15,80,GO,19.5,7.78,2.508,STABLE,FLAT,CONTANGO,0.179,35,32749.499999999996,-5632.0,WING_STOP,False,0,—,-5632.0,32.7,30,20,4
2024-10-16,80,GO,20.86,7.98,2.613,STABLE,FLAT,CONTANGO,0.165,37,32748.700000000004,2290.0,TIME_STOP,True,44902.0,ADD_TIME_STOP,47192.0,32.7,30,20,4
2024-10-17,71,GO,19.4,14.15,1.371,FALLING,FLAT,CONTANGO,0.428,35,32903.5,52353.0,TARGET,True,89510.0,ADD2_TARGET,141863.0,32.9,27,14,4
2024-10-18,80,GO,18.83,9.54,1.974,FALLING,FLAT,CONTANGO,0.299,34,32925.6,48535.0,TARGET,True,30067.0,ADD_TARGET,78602.0,32.9,30,20,4
2024-10-21,80,GO,18.87,5.59,3.374,STABLE,FLAT,CONTANGO,0.133,34,32810.0,48943.0,TARGET,True,95042.0,ADD2_TIME_STOP,143985.0,32.8,30,20,4
2024-10-22,65,SKIP,19.18,8.46,2.268,RISING,FLAT,CONTANGO,0.199,0,0,0,ENV_BLOCK,False,0,—,0,0,15,20,4
2024-10-23,80,GO,18.54,6.89,2.692,STABLE,FLAT,CONTANGO,0.117,33,32528.1,-7006.0,WING_STOP,False,0,—,-7006.0,32.5,30,20,4
2024-10-24,65,SKIP,19.04,10.45,1.823,RISING,FLAT,CONTANGO,0.239,0,0,0,ENV_BLOCK,False,0,—,0,0,15,20,4
2024-10-25,74,GO,18.3,7.55,2.424,STABLE,FLAT,CONTANGO,0.483,33,32808.6,-5333.0,WING_STOP,False,0,—,-5333.0,32.8,30,14,4
2024-10-28,96,GO,19.22,9.12,2.108,STABLE,FLAT,INVERTED,0.186,35,33316.5,50652.0,TARGET,False,0,—,50652.0,33.3,30,20,20
2024-10-29,96,GO,19.98,9.45,2.114,STABLE,FLAT,INVERTED,0.323,36,33109.2,13943.0,TIME_STOP,True,48664.0,ADD_TARGET,62607.0,33.1,30,20,20
2024-10-30,90,GO,19.61,12.35,1.588,FALLING,FLAT,INVERTED,0.454,35,32700.5,50792.0,TARGET,True,30677.0,ADD2_TIME_STOP,81469.0,32.7,30,14,20
2024-10-31,82,GO,21.8,14.67,1.486,STABLE,FLAT,INVERTED,0.469,38,32543.2,10902.0,TIME_STOP,True,117309.0,ADD2_TARGET,128211.0,32.5,22,14,20
2024-11-01,90,GO,21.66,8.23,2.631,FALLING,FLAT,INVERTED,0.495,38,32771.200000000004,55890.0,TARGET,True,6201.0,ADD_BLOCKED (FLAT/RISING),62091.0,32.8,30,14,20
2024-11-04,87,GO,22.34,15.7,1.423,FALLING,FLAT,INVERTED,0.442,39,32721.0,57825.0,TARGET,True,50740.0,ADD_BLOCKED (FLAT/RISING),108565.0,32.7,27,14,20
2024-11-05,90,GO,20.83,10.71,1.946,STABLE,FLAT,INVERTED,0.671,37,33085.4,38872.0,TIME_STOP,True,42991.0,ADD_TARGET,81863.0,33.1,30,14,20
2024-11-06,52,WAIT,16.58,16.64,0.997,STABLE,FALLING,FLAT,0.694,0,0,0,NO_TRADE,False,0,—,0,0,10,4,12
2024-11-07,80,GO,15.58,8.09,1.926,FALLING,FLAT,FLAT,0.196,29,32886.0,23287.0,TIME_STOP,False,0,—,23287.0,32.9,30,20,12
2024-11-08,72,GO,14.73,7.3,2.017,FALLING,FLAT,CONTANGO,0.246,28,33269.6,36711.0,TARGET,True,0,ADD_BLOCKED (FLAT/RISING),36711.0,33.3,30,20,4
2024-11-11,80,GO,15.43,9.13,1.691,STABLE,FLAT,FLAT,0.195,29,32912.100000000006,39165.0,TARGET,True,0,ADD_BLOCKED (FLAT/RISING),39165.0,32.9,30,20,12
2024-11-12,72,GO,14.82,7.57,1.957,FALLING,FLAT,CONTANGO,0.179,28,33003.6,-10900.0,WING_STOP,False,0,—,-10900.0,33.0,30,20,4
2024-11-13,49,WAIT,14.57,10.2,1.428,RISING,FLAT,CONTANGO,0.22,0,0,0,NO_TRADE,False,0,—,0,0,7,20,4
2024-11-14,57,GO,14.07,12.14,1.159,STABLE,FLAT,CONTANGO,0.353,26,32250.4,2959.0,TIME_STOP,True,32000.0,ADD_TARGET,34959.0,32.3,15,20,4
2024-11-15,64,GO,14.99,11.5,1.304,STABLE,FLAT,CONTANGO,0.296,28,33208.0,-10007.0,WING_STOP,False,0,—,-10007.0,33.2,22,20,4
2024-11-18,88,GO,16.37,9.48,1.727,STABLE,FLAT,FLAT,0.184,30,32985.0,6828.0,TIME_STOP,True,69144.0,ADD2_TARGET,75972.0,33.0,30,20,12
2024-11-19,50,WAIT,16.91,14.2,1.191,RISING,FLAT,CONTANGO,0.279,0,0,0,NO_TRADE,False,0,—,0,0,0,20,4
2024-11-20,66,GO,17.47,14.48,1.206,STABLE,FLAT,CONTANGO,0.524,32,33001.6,44678.0,TARGET,True,44656.0,ADD2_TARGET,89334.0,33.0,22,14,4
2024-11-21,38,WAIT,17.01,22.75,0.748,FALLING,FLAT,CONTANGO,0.819,0,0,0,NO_TRADE,False,0,—,0,0,8,0,4
2024-11-22,59,GO,16.15,15.08,1.071,STABLE,FLAT,CONTANGO,0.477,30,32829.0,37428.0,TIME_STOP,True,44787.0,ADD_TARGET,82215.0,32.8,15,14,4
2024-11-25,51,WAIT,14.84,14.73,1.008,STABLE,FLAT,CONTANGO,0.475,0,0,0,NO_TRADE,False,0,—,0,0,15,14,4
2024-11-26,69,GO,14.27,10.94,1.305,FALLING,FLAT,CONTANGO,0.189,27,32910.3,34865.0,TARGET,False,0,—,34865.0,32.9,27,20,4
2024-11-27,72,GO,14.09,8.51,1.656,FALLING,FLAT,CONTANGO,0.18,27,33255.9,18301.0,TIME_STOP,True,37092.0,ADD_TARGET,55393.0,33.3,30,20,4
2024-11-29,72,GO,13.66,6.55,2.085,STABLE,FLAT,CONTANGO,0.264,26,32913.4,8687.0,EXPIRY,True,3066.0,ADD_EXPIRY,11753.0,32.9,30,20,4
2024-12-02,72,GO,13.79,7.61,1.811,STABLE,FLAT,CONTANGO,0.196,26,32544.2,33498.0,TARGET,False,0,—,33498.0,32.5,30,20,4
2024-12-03,72,GO,13.59,6.34,2.143,FALLING,FLAT,CONTANGO,0.185,26,32947.200000000004,32950.0,TARGET,False,0,—,32950.0,32.9,30,20,4
2024-12-04,72,GO,13.06,7.21,1.812,STABLE,FLAT,CONTANGO,0.125,25,32697.500000000004,31515.0,TARGET,False,0,—,31515.0,32.7,30,20,4
2024-12-05,72,GO,13.41,5.43,2.467,STABLE,FLAT,CONTANGO,0.105,26,33118.799999999996,32973.0,TARGET,False,0,—,32973.0,33.1,30,20,4
2024-12-06,72,GO,13.06,6.99,1.869,STABLE,FLAT,CONTANGO,0.299,25,32534.999999999996,28230.0,TIME_STOP,True,25872.0,ADD_TARGET,54102.0,32.5,30,20,4
2024-12-09,72,GO,13.45,7.89,1.704,FALLING,FLAT,CONTANGO,0.146,26,33056.4,-11523.0,TIME_STOP,True,0,ADD_BLOCKED (FLAT/RISING),-11523.0,33.1,30,20,4
2024-12-10,64,GO,14.13,9.92,1.424,STABLE,FLAT,CONTANGO,0.182,27,32964.299999999996,3945.0,TIME_STOP,False,0,—,3945.0,33.0,22,20,4
2024-12-11,72,GO,13.66,6.47,2.113,STABLE,FLAT,CONTANGO,0.279,26,32632.6,33267.0,TARGET,True,23549.0,ADD_TARGET,56816.0,32.6,30,20,4
2024-12-12,72,GO,13.81,8.96,1.542,FALLING,FLAT,CONTANGO,0.162,26,32354.4,34133.0,TARGET,False,0,—,34133.0,32.4,30,20,4
2024-12-13,72,GO,13.49,6.72,2.007,STABLE,FLAT,CONTANGO,0.179,26,33043.399999999994,17326.0,TIME_STOP,True,0,ADD_BLOCKED (FLAT/RISING),17326.0,33.0,30,20,4
2024-12-16,72,GO,14.23,8.27,1.72,FALLING,FLAT,CONTANGO,0.174,27,32710.5,36264.0,TARGET,False,0,—,36264.0,32.7,30,20,4
2024-12-17,72,GO,15.23,9.94,1.533,STABLE,FLAT,CONTANGO,0.205,29,33132.5,39811.0,TARGET,False,0,—,39811.0,33.1,30,20,4
2024-12-18,72,GO,15.33,7.41,2.068,FALLING,FLAT,CONTANGO,0.23,29,32891.8,-7984.0,WING_STOP,False,0,—,-7984.0,32.9,30,20,4
2024-12-19,67,SKIP,21.4,21.75,0.984,FALLING,FLAT,FLAT,0.531,0,0,0,VP_SKIP,False,0,—,0,0,15,14,12
2024-12-20,59,SKIP,22.26,23.96,0.929,FALLING,FLAT,CONTANGO,0.564,0,0,0,VP_SKIP,False,0,—,0,0,15,14,4
2024-12-23,74,GO,18.93,15.31,1.237,STABLE,FLAT,FLAT,0.45,35,33299.0,2835.0,TIME_STOP,True,-3077.0,ADD2_TIME_STOP,-242.0,33.3,22,14,12
2024-12-24,80,GO,16.54,8.47,1.953,FALLING,FLAT,CONTANGO,0.313,31,33064.600000000006,-6054.0,WING_STOP,False,0,—,-6054.0,33.1,30,20,4
2024-12-26,42,WAIT,15.27,13.65,1.119,RISING,FLAT,CONTANGO,0.362,0,0,0,NO_TRADE,False,0,—,0,0,0,20,4
2024-12-27,50,WAIT,16.43,14.21,1.156,RISING,FLAT,CONTANGO,0.339,0,0,0,NO_TRADE,False,0,—,0,0,0,20,4
2024-12-30,50,WAIT,19.21,17.3,1.111,FALLING,FLAT,CONTANGO,0.85,0,0,0,NO_TRADE,False,0,—,0,0,20,0,4
2024-12-31,65,GO,16.97,15.02,1.13,STABLE,FLAT,CONTANGO,0.327,31,32680.2,-8714.0,WING_STOP,False,0,—,-8714.0,32.7,15,20,4
2025-01-02,45,WAIT,17.28,19.93,0.867,FALLING,RISING,CONTANGO,0.708,0,0,0,NO_TRADE,False,0,—,0,0,15,0,4
2025-01-03,44,WAIT,17.37,20.13,0.863,RISING,FLAT,CONTANGO,0.458,0,0,0,NO_TRADE,False,0,—,0,0,0,14,4
2025-01-06,65,GO,16.01,14.48,1.105,STABLE,FLAT,CONTANGO,0.39,30,32940.0,3618.0,TIME_STOP,True,-16724.0,ADD2_TIME_STOP,-13106.0,32.9,15,20,4
2025-01-07,44,WAIT,16.28,16.35,0.995,RISING,FLAT,CONTANGO,0.445,0,0,0,NO_TRADE,False,0,—,0,0,0,14,4
2025-01-08,50,WAIT,19.03,19.64,0.969,RISING,FLAT,CONTANGO,0.371,0,0,0,NO_TRADE,False,0,—,0,0,0,20,4
2025-01-10,38,WAIT,19.54,25.62,0.763,RISING,FLAT,FLAT,0.956,0,0,0,NO_TRADE,False,0,—,0,0,0,0,12
2025-01-13,79,GO,20.6,16.6,1.241,FALLING,FLAT,FLAT,0.522,37,33192.700000000004,28904.0,TIME_STOP,True,36320.0,ADD2_TIME_STOP,65224.0,33.2,27,14,12
2025-01-14,59,SKIP,18.86,14.87,1.268,RISING,FLAT,FLAT,0.514,0,0,0,ENV_BLOCK,False,0,—,0,0,7,14,12
2025-01-15,64,GO,16.68,14.73,1.132,FALLING,FLAT,CONTANGO,0.656,31,33132.799999999996,35104.0,TIME_STOP,True,-15027.0,ADD2_TIME_STOP,20077.0,33.1,20,14,4
2025-01-16,66,GO,16.23,12.22,1.328,STABLE,FLAT,CONTANGO,0.454,30,32871.0,41949.0,TARGET,True,36312.0,ADD_BLOCKED (FLAT/RISING),78261.0,32.9,22,14,4
2025-01-17,64,GO,15.73,12.69,1.24,STABLE,FLAT,CONTANGO,0.364,29,32488.699999999997,29006.0,TIME_STOP,True,34819.0,ADD_TARGET,63825.0,32.5,22,20,4
2025-01-21,50,WAIT,15.66,17.76,0.882,RISING,FLAT,FLAT,0.373,0,0,0,NO_TRADE,False,0,—,0,0,0,20,12
2025-01-22,72,GO,15.1,7.41,2.039,FALLING,FLAT,CONTANGO,0.211,29,33196.299999999996,39753.0,TARGET,True,27524.0,ADD_TARGET,67277.0,33.2,30,20,4
2025-01-23,72,GO,14.9,5.87,2.537,FALLING,FLAT,CONTANGO,0.169,28,32466.0,30008.0,TIME_STOP,True,20049.0,ADD_TARGET,50057.0,32.5,30,20,4
2025-01-24,72,GO,14.74,7.6,1.94,FALLING,FLAT,CONTANGO,0.164,28,32586.399999999998,-10797.0,TIME_STOP,True,12795.0,ADD_BLOCKED (FLAT/RISING),1998.0,32.6,30,20,4
2025-01-27,66,GO,18.48,17.35,1.065,FALLING,FLAT,INVERTED,0.742,34,32694.399999999998,49048.0,TARGET,True,98317.0,ADD2_TARGET,147365.0,32.7,20,0,20
2025-01-28,52,WAIT,17.8,17.58,1.013,RISING,FLAT,FLAT,0.548,0,0,0,NO_TRADE,False,0,—,0,0,0,14,12
2025-01-29,85,GO,16.82,11.93,1.41,FALLING,FLAT,FLAT,0.255,31,32302.0,-7028.0,WING_STOP,False,0,—,-7028.0,32.3,27,20,12
2025-01-30,54,WAIT,15.64,16.13,0.97,STABLE,FLAT,FLAT,0.493,0,0,0,NO_TRADE,False,0,—,0,0,10,14,12
2025-01-31,72,GO,15.3,9.23,1.657,FALLING,FLAT,CONTANGO,0.203,29,32726.5,-9634.0,WING_STOP,False,0,—,-9634.0,32.7,30,20,4
2025-02-03,70,SKIP,19.4,21.24,0.913,STABLE,FLAT,INVERTED,0.626,0,0,0,VP_SKIP,False,0,—,0,0,10,14,20
2025-02-04,79,GO,17.5,11.95,1.464,FALLING,FLAT,FLAT,0.448,32,32361.6,23594.0,TIME_STOP,True,82045.0,ADD2_TARGET,105639.0,32.4,27,14,12
2025-02-05,73,SKIP,16.83,10.08,1.669,RISING,FLAT,FLAT,0.264,0,0,0,ENV_BLOCK,False,0,—,0,0,15,20,12
2025-02-06,72,GO,15.67,8.67,1.807,FALLING,FLAT,CONTANGO,0.186,30,33246.0,45621.0,TARGET,False,0,—,45621.0,33.2,30,20,4
2025-02-07,36,WAIT,15.06,17.13,0.879,RISING,FLAT,CONTANGO,0.451,0,0,0,NO_TRADE,False,0,—,0,0,0,14,4
2025-02-10,80,GO,16.23,9.57,1.695,STABLE,FLAT,CONTANGO,0.243,30,32304.000000000007,44634.0,TARGET,True,66860.0,ADD2_TARGET,111494.0,32.3,30,20,4
2025-02-11,80,GO,16.19,6.93,2.336,STABLE,FLAT,CONTANGO,0.261,30,32385.0,24537.0,TIME_STOP,True,51397.0,ADD2_TIME_STOP,75934.0,32.4,30,20,4
2025-02-12,66,GO,16.46,12.9,1.275,STABLE,FLAT,CONTANGO,0.524,31,33070.799999999996,18684.0,TIME_STOP,True,11904.0,ADD2_TIME_STOP,30588.0,33.1,22,14,4
2025-02-13,69,GO,15.52,12.66,1.226,FALLING,FLAT,CONTANGO,0.302,29,32468.399999999998,-13792.0,WING_STOP,False,0,—,-13792.0,32.5,27,20,4
2025-02-14,72,GO,14.98,7.28,2.058,FALLING,FLAT,CONTANGO,0.134,29,33286.2,38599.0,TARGET,False,0,—,38599.0,33.3,30,20,4
2025-02-18,57,SKIP,15.9,8.18,1.943,RISING,FLAT,CONTANGO,0.192,0,0,0,ENV_BLOCK,False,0,—,0,0,15,20,4
2025-02-19,72,GO,15.75,6.88,2.291,STABLE,FLAT,CONTANGO,0.112,30,32916.0,13269.0,TIME_STOP,True,31112.0,ADD_TARGET,44381.0,32.9,30,20,4
2025-02-20,37,WAIT,16.49,11.05,1.493,RISING,FALLING,CONTANGO,0.74,0,0,0,NO_TRADE,False,0,—,0,0,7,0,4
2025-02-21,69,GO,15.72,11.31,1.39,FALLING,FLAT,CONTANGO,0.394,30,33030.0,-8808.0,WING_STOP,False,0,—,-8808.0,33.0,27,20,4
2025-02-24,60,SKIP,19.11,14.84,1.288,STABLE,FALLING,FLAT,0.738,0,0,0,ENV_BLOCK,False,0,—,0,0,22,0,12
2025-02-25,62,SKIP,20.06,22.28,0.9,STABLE,FLAT,FLAT,0.649,0,0,0,VP_SKIP,False,0,—,0,0,10,14,12
2025-02-26,74,GO,18.72,15.33,1.221,STABLE,FLAT,FLAT,0.457,34,32385.0,-5664.0,WING_STOP,False,0,—,-5664.0,32.4,22,14,12
2025-02-27,48,WAIT,20.05,20.83,0.963,STABLE,FALLING,FLAT,1.193,0,0,0,NO_TRADE,False,0,—,0,0,10,0,12
2025-02-28,60,SKIP,20.81,27.96,0.744,FALLING,FLAT,FLAT,0.605,0,0,0,VP_SKIP,False,0,—,0,0,8,14,12
2025-03-03,56,SKIP,20.97,22.25,0.942,STABLE,FALLING,INVERTED,1.121,0,0,0,VP_SKIP,False,0,—,0,0,10,0,20
2025-03-04,56,SKIP,25.3,26.57,0.952,STABLE,FLAT,INVERTED,0.938,0,0,0,VP_SKIP,False,0,—,0,0,10,0,20
2025-03-05,46,WAIT,24.56,38.51,0.638,RISING,FLAT,INVERTED,0.725,0,0,0,NO_TRADE,False,0,—,0,0,0,0,20
2025-03-06,75,GO,24.23,20.73,1.169,STABLE,FLAT,INVERTED,0.68,43,33290.6,-6506.0,WING_STOP,False,0,—,-6506.0,33.3,15,14,20
2025-03-07,56,SKIP,24.21,28.21,0.858,STABLE,FLAT,INVERTED,0.887,0,0,0,VP_SKIP,False,0,—,0,0,10,0,20
2025-03-10,75,SKIP,26.45,27.64,0.957,FALLING,FLAT,INVERTED,0.583,0,0,0,VP_SKIP,False,0,—,0,0,15,14,20
2025-03-11,70,SKIP,27.49,31.24,0.88,STABLE,FLAT,INVERTED,0.589,0,0,0,VP_SKIP,False,0,—,0,0,10,14,20
2025-03-12,56,SKIP,25.87,25.95,0.997,STABLE,FALLING,INVERTED,0.862,0,0,0,VP_SKIP,False,0,—,0,0,10,0,20
2025-03-13,73,SKIP,24.66,20.04,1.231,FALLING,FALLING,INVERTED,0.79,0,0,0,ENV_BLOCK,False,0,—,0,0,27,0,20
2025-03-14,38,WAIT,23.74,24.22,0.98,RISING,FLAT,FLAT,0.72,0,0,0,NO_TRADE,False,0,—,0,0,0,0,12
2025-03-17,75,GO,21.0,17.64,1.191,STABLE,FLAT,INVERTED,0.677,37,33314.799999999996,-5935.0,TIME_STOP,True,-16586.0,ADD2_TIME_STOP,-22521.0,33.3,15,14,20
2025-03-18,66,SKIP,22.55,19.09,1.181,FALLING,FALLING,INVERTED,0.807,0,0,0,ENV_BLOCK,False,0,—,0,0,20,0,20
2025-03-19,74,GO,21.0,16.26,1.292,STABLE,FLAT,FLAT,0.514,36,32533.2,-8248.0,WING_STOP,False,0,—,-8248.0,32.5,22,14,12
2025-03-20,65,GO,19.69,15.4,1.279,FALLING,FLAT,FLAT,0.885,34,32470.000000000004,49783.0,TARGET,True,0,ADD_BLOCKED (RISING/FALLING),49783.0,32.5,27,0,12
2025-03-21,60,SKIP,20.65,24.46,0.844,FALLING,FLAT,FLAT,0.448,0,0,0,VP_SKIP,False,0,—,0,0,8,14,12
2025-03-24,90,GO,18.61,9.11,2.043,FALLING,FLAT,INVERTED,0.62,33,32838.3,47005.0,TARGET,True,0,ADD_BLOCKED (FLAT/RISING),47005.0,32.8,30,14,20
2025-03-25,93,GO,17.51,11.96,1.465,FALLING,FLAT,INVERTED,0.274,31,32543.8,43369.0,TARGET,True,58096.0,ADD2_TARGET,101465.0,32.5,27,20,20
2025-03-26,87,GO,17.57,11.89,1.478,FALLING,FLAT,INVERTED,0.483,31,32481.8,-8395.0,WING_STOP,False,0,—,-8395.0,32.5,27,14,20
2025-03-27,56,SKIP,18.49,18.7,0.989,STABLE,RISING,INVERTED,0.709,0,0,0,VP_SKIP,False,0,—,0,0,10,0,20
2025-03-28,80,GO,19.41,18.97,1.023,FALLING,FLAT,INVERTED,0.596,34,33010.6,-12186.0,WING_STOP,False,0,—,-12186.0,33.0,20,14,20
2025-03-31,61,GO,23.57,21.66,1.088,STABLE,FLAT,INVERTED,0.709,40,33088.0,-3528.0,WING_STOP,False,0,—,-3528.0,33.1,15,0,20
2025-04-01,75,GO,22.54,20.17,1.117,STABLE,FLAT,INVERTED,0.438,39,33228.0,-5195.0,WING_STOP,False,0,—,-5195.0,33.2,15,14,20
2025-04-02,61,GO,22.49,20.94,1.074,STABLE,FLAT,INVERTED,0.861,39,33220.200000000004,-5639.0,WING_STOP,False,0,—,-5639.0,33.2,15,0,20
2025-04-03,56,SKIP,26.84,27.9,0.962,STABLE,FLAT,INVERTED,0.703,0,0,0,VP_SKIP,False,0,—,0,0,10,0,20
2025-04-04,30,SKIP,36.52,51.76,0.706,RISING,FLAT,INVERTED,1.58,0,0,0,NO_TRADE,False,0,—,0,0,0,0,20
2025-04-07,38,WAIT,48.05,73.5,0.654,FALLING,RISING,INVERTED,3.165,0,0,0,NO_TRADE,False,0,—,0,0,8,0,20
2025-04-08,40,WAIT,36.99,42.93,0.862,STABLE,RISING,INVERTED,1.146,0,0,0,NO_TRADE,False,0,—,0,0,10,0,20
2025-04-09,38,WAIT,49.3,67.74,0.728,FALLING,RISING,INVERTED,1.84,0,0,0,NO_TRADE,False,0,—,0,0,8,0,20
2025-04-10,38,WAIT,36.98,51.55,0.717,FALLING,FLAT,INVERTED,0.954,0,0,0,NO_TRADE,False,0,—,0,0,8,0,20
2025-04-11,38,WAIT,42.89,52.22,0.821,FALLING,RISING,INVERTED,1.415,0,0,0,NO_TRADE,False,0,—,0,0,8,0,20
2025-04-14,57,GO,32.81,32.03,1.024,STABLE,FLAT,INVERTED,0.879,54,32999.4,-6253.0,WING_STOP,False,0,—,-6253.0,33.0,15,0,20
2025-04-15,83,GO,29.02,20.58,1.41,FALLING,FLAT,INVERTED,0.659,48,32990.4,91.0,WING_STOP,False,0,—,91.0,33.0,27,14,20
2025-04-16,64,SKIP,31.86,18.51,1.721,STABLE,FALLING,FLAT,0.763,0,0,0,ENV_BLOCK,False,0,—,0,0,30,0,12
2025-04-17,70,GO,31.21,21.01,1.486,STABLE,FLAT,FLAT,0.513,50,32775.0,-9515.0,WING_STOP,False,0,—,-9515.0,32.8,22,14,12
2025-04-21,72,GO,33.32,17.72,1.881,FALLING,FLAT,INVERTED,0.92,53,33321.100000000006,-7166.0,WING_STOP,False,0,—,-7166.0,33.3,30,0,20
2025-04-22,86,GO,31.06,15.35,2.023,STABLE,FLAT,INVERTED,0.606,49,32707.5,-2132.0,WING_STOP,False,0,—,-2132.0,32.7,30,14,20
2025-04-23,54,WAIT,27.93,53.63,0.521,FALLING,FLAT,INVERTED,1.367,0,0,0,NO_TRADE,False,0,—,0,0,8,0,20
2025-04-24,76,SKIP,27.39,17.2,1.592,FALLING,RISING,INVERTED,0.821,0,0,0,ENV_BLOCK,False,0,—,0,0,30,0,20
2025-04-25,60,SKIP,26.89,25.92,1.038,RISING,FLAT,INVERTED,0.605,0,0,0,ENV_BLOCK,False,0,—,0,0,0,14,20
2025-04-28,73,GO,25.55,18.49,1.382,FALLING,FLAT,INVERTED,0.702,43,32929.4,-6325.0,WING_STOP,False,0,—,-6325.0,32.9,27,0,20
2025-04-29,90,GO,25.37,16.79,1.511,FALLING,FLAT,INVERTED,0.491,43,33122.9,2829.0,WING_STOP,False,0,—,2829.0,33.1,30,14,20
2025-04-30,46,WAIT,27.86,24.34,1.145,RISING,FALLING,INVERTED,1.204,0,0,0,NO_TRADE,False,0,—,0,0,0,0,20
2025-05-01,67,GO,24.55,22.31,1.101,STABLE,FLAT,FLAT,0.433,42,32932.200000000004,-5779.0,WING_STOP,False,0,—,-5779.0,32.9,15,14,12
2025-05-02,67,GO,23.07,19.82,1.164,STABLE,FLAT,FLAT,0.512,40,33000.0,-2864.0,WING_STOP,False,0,—,-2864.0,33.0,15,14,12
2025-05-05,80,GO,23.82,16.05,1.484,STABLE,FLAT,FLAT,0.388,41,32865.6,40623.0,TIME_STOP,True,57578.0,ADD_TARGET,98201.0,32.9,22,20,12
2025-05-06,67,SKIP,25.08,14.32,1.751,RISING,FLAT,FLAT,0.487,0,0,0,ENV_BLOCK,False,0,—,0,0,15,14,12
2025-05-07,85,GO,24.68,16.93,1.458,FALLING,FLAT,FLAT,0.349,42,32625.6,-4061.0,WING_STOP,False,0,—,-4061.0,32.6,27,20,12
2025-05-08,88,GO,23.07,15.13,1.525,STABLE,FLAT,FLAT,0.342,40,32976.0,-4088.0,WING_STOP,False,0,—,-4088.0,33.0,30,20,12
2025-05-09,73,SKIP,21.93,10.49,2.091,RISING,FLAT,FLAT,0.288,0,0,0,ENV_BLOCK,False,0,—,0,0,15,20,12
2025-05-12,74,GO,19.32,15.02,1.286,STABLE,FLAT,FLAT,0.509,35,33327.0,16051.0,TIME_STOP,True,9479.0,ADD2_TIME_STOP,25530.0,33.3,22,14,12
2025-05-13,82,GO,17.76,9.66,1.838,STABLE,FLAT,FLAT,0.443,32,32627.2,-6621.0,TIME_STOP,True,66380.0,ADD2_TARGET,59759.0,32.6,30,14,12
2025-05-14,52,WAIT,18.56,16.06,1.156,RISING,FLAT,FLAT,0.438,0,0,0,NO_TRADE,False,0,—,0,0,0,14,12
2025-05-15,72,GO,18.71,13.37,1.399,STABLE,FLAT,CONTANGO,0.243,34,32990.2,-3971.0,WING_STOP,False,0,—,-3971.0,33.0,22,20,4
2025-05-16,80,GO,17.51,10.62,1.649,STABLE,FLAT,CONTANGO,0.271,32,32748.8,23328.0,TIME_STOP,True,291.0,ADD2_TIME_STOP,23619.0,32.7,30,20,4
2025-05-19,67,SKIP,18.72,11.04,1.696,RISING,FLAT,FLAT,0.546,0,0,0,ENV_BLOCK,False,0,—,0,0,15,14,12
2025-05-20,65,SKIP,18.3,12.16,1.504,RISING,FLAT,CONTANGO,0.261,0,0,0,ENV_BLOCK,False,0,—,0,0,15,20,4
2025-05-21,80,GO,18.67,9.73,1.92,FALLING,FLAT,CONTANGO,0.299,34,32871.2,-5372.0,WING_STOP,False,0,—,-5372.0,32.9,30,20,4
2025-05-22,64,GO,20.47,20.23,1.012,FALLING,FLAT,CONTANGO,0.545,37,33096.5,30296.0,TIME_STOP,True,6734.0,ADD2_TIME_STOP,37030.0,33.1,20,14,4
2025-05-23,79,GO,23.09,17.56,1.315,FALLING,FLAT,FLAT,0.429,41,33107.49999999999,804.0,WING_STOP,False,0,—,804.0,33.1,27,14,12
2025-05-27,82,GO,20.06,12.31,1.63,FALLING,FLAT,FLAT,0.45,36,32716.8,-3096.0,WING_STOP,False,0,—,-3096.0,32.7,30,14,12
2025-05-28,73,SKIP,19.05,12.03,1.584,RISING,FLAT,FLAT,0.367,0,0,0,ENV_BLOCK,False,0,—,0,0,15,20,12
2025-05-29,67,GO,19.2,16.83,1.141,STABLE,FLAT,FLAT,0.476,35,32886.00000000001,-9342.0,WING_STOP,False,0,—,-9342.0,32.9,15,14,12
2025-05-30,44,WAIT,19.56,18.33,1.067,RISING,FLAT,CONTANGO,0.479,0,0,0,NO_TRADE,False,0,—,0,0,0,14,4
2025-06-02,38,WAIT,19.88,19.29,1.031,RISING,FALLING,FLAT,0.747,0,0,0,NO_TRADE,False,0,—,0,0,0,0,12
2025-06-03,85,GO,18.37,12.67,1.45,FALLING,FLAT,FLAT,0.198,34,33241.799999999996,-4872.0,WING_STOP,False,0,—,-4872.0,33.2,27,20,12
2025-06-04,65,SKIP,17.81,11.25,1.583,RISING,FLAT,CONTANGO,0.232,0,0,0,ENV_BLOCK,False,0,—,0,0,15,20,4
2025-06-05,67,GO,18.05,17.91,1.008,STABLE,FLAT,FLAT,0.668,33,32716.2,-6867.0,WING_STOP,False,0,—,-6867.0,32.7,15,14,12
2025-06-06,59,SKIP,17.24,9.04,1.907,RISING,FLAT,CONTANGO,0.498,0,0,0,ENV_BLOCK,False,0,—,0,0,15,14,4
2025-06-09,80,GO,17.37,10.96,1.585,FALLING,FLAT,CONTANGO,0.249,32,32633.600000000002,46086.0,TARGET,True,27377.0,ADD_TARGET,73463.0,32.6,30,20,4
2025-06-10,80,GO,17.08,9.62,1.775,FALLING,FLAT,CONTANGO,0.175,32,33075.200000000004,32496.0,TIME_STOP,True,27247.0,ADD_TARGET,59743.0,33.1,30,20,4
2025-06-11,65,GO,16.52,14.23,1.161,STABLE,FLAT,CONTANGO,0.315,31,32894.100000000006,-1392.0,TIME_STOP,False,0,—,-1392.0,32.9,15,20,4
2025-06-12,80,GO,17.93,11.51,1.558,STABLE,FLAT,CONTANGO,0.288,33,32547.899999999998,29713.0,TIME_STOP,True,42622.0,ADD_TARGET,72335.0,32.5,30,20,4
2025-06-13,80,GO,20.88,13.28,1.572,STABLE,FLAT,CONTANGO,0.382,38,32626.8,57217.0,TARGET,True,-4669.0,ADD2_WING_STOP,52548.0,32.6,30,20,4
2025-06-16,59,SKIP,18.82,12.33,1.527,RISING,FLAT,CONTANGO,0.632,0,0,0,ENV_BLOCK,False,0,—,0,0,15,14,4
2025-06-17,88,GO,19.75,9.71,2.033,STABLE,FLAT,FLAT,0.207,36,32472.0,16384.0,TIME_STOP,True,58483.0,ADD2_TARGET,74867.0,32.5,30,20,12
2025-06-18,88,GO,20.33,8.7,2.336,FALLING,FLAT,FLAT,0.348,37,32530.399999999998,56188.0,TARGET,True,27172.0,ADD2_TARGET,83360.0,32.5,30,20,12
2025-06-20,80,GO,19.58,12.01,1.63,STABLE,FLAT,CONTANGO,0.373,36,32835.6,-3409.0,WING_STOP,False,0,—,-3409.0,32.8,30,20,4
2025-06-23,74,GO,20.15,9.54,2.112,FALLING,FLAT,CONTANGO,0.621,37,32878.2,-6630.0,WING_STOP,False,0,—,-6630.0,32.9,30,14,4
2025-06-24,80,GO,18.15,9.17,1.98,STABLE,FLAT,CONTANGO,0.292,34,32959.600000000006,-19098.0,TIME_STOP,True,47750.0,ADD2_TARGET,28652.0,33.0,30,20,4
2025-06-25,80,GO,17.16,7.95,2.158,STABLE,FLAT,CONTANGO,0.175,32,32476.799999999996,44986.0,TARGET,True,41115.0,ADD_TARGET,86101.0,32.5,30,20,4
2025-06-26,65,SKIP,16.49,9.48,1.739,RISING,FLAT,CONTANGO,0.215,0,0,0,ENV_BLOCK,False,0,—,0,0,15,20,4
2025-06-27,80,GO,16.26,7.89,2.06,STABLE,FLAT,CONTANGO,0.363,31,32763.9,38328.0,TIME_STOP,True,-11500.0,ADD_BLOCKED (FLAT/RISING),26828.0,32.8,30,20,4
2025-06-30,80,GO,17.28,8.38,2.061,STABLE,FLAT,CONTANGO,0.183,33,32828.4,46672.0,TARGET,False,0,—,46672.0,32.8,30,20,4
2025-07-01,80,GO,16.95,6.65,2.55,STABLE,FLAT,CONTANGO,0.245,32,32409.6,46029.0,TARGET,True,0,ADD_BLOCKED (FLAT/RISING),46029.0,32.4,30,20,4
2025-07-02,80,GO,17.1,9.23,1.852,FALLING,FLAT,CONTANGO,0.192,33,33148.5,11009.0,TIME_STOP,True,43044.0,ADD_TARGET,54053.0,33.1,30,20,4
2025-07-03,65,SKIP,16.37,7.48,2.188,RISING,FLAT,CONTANGO,0.347,0,0,0,ENV_BLOCK,False,0,—,0,0,15,20,4
2025-07-07,80,GO,17.6,9.09,1.937,FALLING,FLAT,CONTANGO,0.186,34,32915.399999999994,-8228.0,WING_STOP,False,0,—,-8228.0,32.9,30,20,4
2025-07-08,80,GO,16.91,8.36,2.022,STABLE,FLAT,CONTANGO,0.176,33,33303.6,46108.0,TARGET,False,0,—,46108.0,33.3,30,20,4
2025-07-09,59,SKIP,16.01,6.24,2.568,RISING,FLAT,CONTANGO,0.414,0,0,0,ENV_BLOCK,False,0,—,0,0,15,14,4
2025-07-10,65,SKIP,16.05,8.12,1.976,RISING,FLAT,CONTANGO,0.221,0,0,0,ENV_BLOCK,False,0,—,0,0,15,20,4
2025-07-11,80,GO,16.64,8.36,1.991,STABLE,FLAT,CONTANGO,0.303,32,32675.2,45798.0,TARGET,False,0,—,45798.0,32.7,30,20,4
2025-07-14,80,GO,17.31,11.22,1.543,STABLE,FLAT,CONTANGO,0.276,33,32485.2,37567.0,TIME_STOP,True,37232.0,ADD_TARGET,74799.0,32.5,30,20,4
2025-07-15,74,GO,16.94,9.92,1.707,STABLE,FLAT,CONTANGO,0.403,33,33000.0,14045.0,TIME_STOP,True,0,ADD_BLOCKED (FLAT/RISING),14045.0,33.0,30,14,4
2025-07-16,80,GO,17.23,11.02,1.564,FALLING,FLAT,CONTANGO,0.327,33,32686.499999999996,25130.0,TIME_STOP,True,0,ADD_BLOCKED (FLAT/RISING),25130.0,32.7,30,20,4
2025-07-17,80,GO,16.95,7.76,2.185,FALLING,FLAT,CONTANGO,0.338,33,32996.700000000004,25130.0,TIME_STOP,True,34024.0,ADD_TARGET,59154.0,33.0,30,20,4
2025-07-18,65,SKIP,16.3,8.02,2.033,RISING,FLAT,CONTANGO,0.149,0,0,0,ENV_BLOCK,False,0,—,0,0,15,20,4
2025-07-21,59,SKIP,16.67,6.42,2.595,RISING,FLAT,CONTANGO,0.405,0,0,0,ENV_BLOCK,False,0,—,0,0,15,14,4
2025-07-22,59,SKIP,17.43,12.79,1.363,RISING,FLAT,FLAT,0.492,0,0,0,ENV_BLOCK,False,0,—,0,0,7,14,12
2025-07-23,80,GO,16.15,9.6,1.682,STABLE,FLAT,CONTANGO,0.279,32,33276.799999999996,-9853.0,TIME_STOP,True,0,ADD_BLOCKED (FLAT/RISING),-9853.0,33.3,30,20,4
2025-07-24,69,GO,15.08,11.25,1.341,FALLING,FLAT,CONTANGO,0.221,30,32973.0,40827.0,TARGET,False,0,—,40827.0,33.0,27,20,4
2025-07-25,72,GO,15.22,6.47,2.352,FALLING,FLAT,CONTANGO,0.121,30,32670.0,27588.0,TIME_STOP,True,21900.0,ADD_TARGET,49488.0,32.7,30,20,4
2025-07-28,72,GO,15.43,5.69,2.712,STABLE,FLAT,CONTANGO,0.133,31,33259.899999999994,41447.0,TIME_STOP,False,0,—,41447.0,33.3,30,20,4
2025-07-29,72,GO,14.76,8.75,1.687,STABLE,FLAT,CONTANGO,0.258,29,32390.100000000002,2830.0,TIME_STOP,True,40304.0,ADD_BLOCKED (FLAT/RISING),43134.0,32.4,30,20,4
2025-07-30,72,GO,15.99,8.75,1.827,FALLING,FLAT,CONTANGO,0.152,32,33264.0,-14074.0,WING_STOP,False,0,—,-14074.0,33.3,30,20,4
2025-07-31,63,GO,15.16,11.19,1.354,FALLING,FLAT,CONTANGO,0.468,30,32607.000000000004,-11460.0,WING_STOP,False,0,—,-11460.0,32.6,27,14,4
2025-08-01,53,WAIT,21.28,18.06,1.179,STABLE,FLAT,FLAT,1.05,0,0,0,NO_TRADE,False,0,—,0,0,15,0,12
2025-08-04,74,GO,17.99,8.03,2.24,STABLE,FLAT,CONTANGO,0.631,35,32952.49999999999,50232.0,TARGET,False,0,—,50232.0,33.0,30,14,4
2025-08-05,65,SKIP,17.59,11.01,1.598,RISING,FLAT,CONTANGO,0.275,0,0,0,ENV_BLOCK,False,0,—,0,0,15,20,4
2025-08-06,50,WAIT,17.53,15.05,1.164,RISING,FLAT,CONTANGO,0.259,0,0,0,NO_TRADE,False,0,—,0,0,0,20,4
2025-08-07,77,GO,16.18,12.55,1.289,FALLING,FLAT,CONTANGO,0.257,32,32899.200000000004,-11386.0,WING_STOP,False,0,—,-11386.0,32.9,27,20,4
2025-08-08,72,GO,15.87,7.74,2.05,STABLE,FLAT,CONTANGO,0.362,31,32497.3,40979.0,TIME_STOP,True,29628.0,ADD_TARGET,70607.0,32.5,30,20,4
2025-08-11,72,GO,15.85,7.26,2.184,STABLE,FLAT,CONTANGO,0.162,31,32444.6,45582.0,TARGET,False,0,—,45582.0,32.4,30,20,4
2025-08-12,39,WAIT,15.6,19.57,0.797,STABLE,FLAT,CONTANGO,0.48,0,0,0,NO_TRADE,False,0,—,0,0,3,14,4
2025-08-13,49,WAIT,14.51,10.05,1.444,RISING,FLAT,CONTANGO,0.272,0,0,0,NO_TRADE,False,0,—,0,0,7,20,4
2025-08-14,64,GO,14.87,12.09,1.23,STABLE,FLAT,CONTANGO,0.313,30,32982.0,40923.0,TARGET,False,0,—,40923.0,33.0,22,20,4
2025-08-15,43,WAIT,14.98,10.64,1.408,RISING,FLAT,CONTANGO,0.463,0,0,0,NO_TRADE,False,0,—,0,0,7,14,4
2025-08-18,80,GO,15.57,8.8,1.77,STABLE,FLAT,FLAT,0.191,31,32742.2,42606.0,TARGET,False,0,—,42606.0,32.7,30,20,12
2025-08-19,69,GO,14.95,11.06,1.352,FALLING,FLAT,CONTANGO,0.227,30,32898.0,-8070.0,WING_STOP,False,0,—,-8070.0,32.9,27,20,4
2025-08-20,42,WAIT,16.58,13.94,1.19,RISING,FALLING,FLAT,0.687,0,0,0,NO_TRADE,False,0,—,0,0,0,4,12
2025-08-21,58,SKIP,16.77,19.13,0.877,RISING,FLAT,FLAT,0.361,0,0,0,VP_SKIP,False,0,—,0,0,0,20,12
2025-08-22,38,WAIT,16.29,37.98,0.429,RISING,FLAT,FLAT,0.872,0,0,0,NO_TRADE,False,0,—,0,0,0,0,12
2025-08-25,72,GO,14.71,8.55,1.721,STABLE,FLAT,CONTANGO,0.203,30,33306.0,40353.0,TARGET,False,0,—,40353.0,33.3,30,20,4
2025-08-26,49,WAIT,15.1,11.15,1.354,RISING,FLAT,CONTANGO,0.203,0,0,0,NO_TRADE,False,0,—,0,0,7,20,4
2025-08-27,72,GO,14.94,8.71,1.715,STABLE,FLAT,CONTANGO,0.174,30,32787.0,40956.0,TARGET,False,0,—,40956.0,32.8,30,20,4
2025-08-28,51,WAIT,14.56,14.35,1.015,STABLE,FLAT,CONTANGO,0.439,0,0,0,NO_TRADE,False,0,—,0,0,15,14,4
2025-08-29,72,GO,15.24,10.12,1.506,STABLE,FLAT,CONTANGO,0.384,31,33259.899999999994,43279.0,TARGET,True,0,ADD_BLOCKED (FLAT/RISING),43279.0,33.3,30,20,4
2025-09-02,42,WAIT,17.7,16.89,1.048,RISING,RISING,FLAT,0.663,0,0,0,NO_TRADE,False,0,—,0,0,0,4,12
2025-09-03,57,SKIP,17.26,12.28,1.405,RISING,FLAT,CONTANGO,0.237,0,0,0,ENV_BLOCK,False,0,—,0,0,7,20,4
2025-09-04,57,SKIP,16.09,10.81,1.488,RISING,FLAT,CONTANGO,0.166,0,0,0,ENV_BLOCK,False,0,—,0,0,7,20,4
2025-09-05,42,WAIT,15.06,16.33,0.922,RISING,FLAT,CONTANGO,0.292,0,0,0,NO_TRADE,False,0,—,0,0,0,20,4
2025-09-08,64,GO,15.35,11.48,1.337,STABLE,FLAT,CONTANGO,0.173,31,32940.6,42836.0,TARGET,False,0,—,42836.0,32.9,22,20,4
2025-09-10,49,WAIT,14.71,10.85,1.356,RISING,FLAT,CONTANGO,0.209,0,0,0,NO_TRADE,False,0,—,0,0,7,20,4
2025-09-11,72,GO,14.9,9.36,1.592,STABLE,FLAT,CONTANGO,0.309,30,32448.000000000004,14070.0,TIME_STOP,True,33623.0,ADD_TARGET,47693.0,32.4,30,20,4
2025-09-12,72,GO,14.68,6.66,2.205,STABLE,FLAT,CONTANGO,0.156,30,32781.0,40689.0,TARGET,False,0,—,40689.0,32.8,30,20,4
2025-09-15,72,GO,15.17,7.2,2.107,FALLING,FLAT,CONTANGO,0.22,31,32745.3,42575.0,TARGET,False,0,—,42575.0,32.7,30,20,4
2025-09-16,73,SKIP,16.07,7.29,2.206,RISING,FLAT,FLAT,0.285,0,0,0,ENV_BLOCK,False,0,—,0,0,15,20,12
2025-09-17,73,SKIP,16.26,6.26,2.597,RISING,FLAT,FLAT,0.157,0,0,0,ENV_BLOCK,False,0,—,0,0,15,20,12
2025-09-18,57,GO,15.23,13.57,1.123,STABLE,FLAT,CONTANGO,0.32,31,32553.1,42672.0,TARGET,True,41655.0,ADD_TARGET,84327.0,32.6,15,20,4
2025-09-19,72,GO,15.68,7.7,2.036,STABLE,FLAT,CONTANGO,0.215,32,32627.2,34624.0,TIME_STOP,False,0,—,34624.0,32.6,30,20,4
2025-09-22,72,GO,15.94,7.1,2.245,FALLING,FLAT,CONTANGO,0.207,33,33085.8,-19064.0,TIME_STOP,True,15840.0,ADD_BLOCKED (FLAT/RISING),-3224.0,33.1,30,20,4
2025-09-23,80,GO,16.18,6.53,2.479,FALLING,FLAT,CONTANGO,0.12,33,32465.399999999998,-5419.0,WING_STOP,False,0,—,-5419.0,32.5,30,20,4
2025-09-24,65,SKIP,16.78,9.99,1.679,RISING,FLAT,CONTANGO,0.347,0,0,0,ENV_BLOCK,False,0,—,0,0,15,20,4
2025-09-25,66,GO,17.4,12.91,1.348,STABLE,FLAT,CONTANGO,0.502,35,32648.0,50872.0,TARGET,True,43464.0,ADD2_WING_STOP,94336.0,32.6,22,14,4
2025-09-26,71,GO,16.09,11.78,1.366,FALLING,FLAT,CONTANGO,0.508,33,32864.7,46411.0,TARGET,True,74332.0,ADD2_TIME_STOP,120743.0,32.9,27,14,4
2025-09-29,72,GO,15.96,7.21,2.214,STABLE,FLAT,CONTANGO,0.171,33,32996.700000000004,36874.0,TIME_STOP,True,39092.0,ADD_TARGET,75966.0,33.0,30,20,4
2025-09-30,65,SKIP,16.19,8.6,1.882,RISING,FLAT,CONTANGO,0.227,0,0,0,ENV_BLOCK,False,0,—,0,0,15,20,4
2025-10-01,57,SKIP,16.69,13.86,1.204,RISING,FLAT,CONTANGO,0.341,0,0,0,ENV_BLOCK,False,0,—,0,0,7,20,4
2025-10-02,80,GO,16.24,9.67,1.68,STABLE,FLAT,CONTANGO,0.3,34,33218.0,48045.0,TARGET,True,59833.0,ADD2_TARGET,107878.0,33.2,30,20,4
2025-10-03,80,GO,16.55,9.72,1.704,FALLING,FLAT,CONTANGO,0.276,34,32582.2,49698.0,TARGET,True,13456.0,ADD_BLOCKED (FLAT/RISING),63154.0,32.6,30,20,4
2025-10-06,80,GO,16.98,7.66,2.215,STABLE,FLAT,CONTANGO,0.261,35,32756.5,47456.0,TIME_STOP,True,39365.0,ADD_TARGET,86821.0,32.8,30,20,4
2025-10-07,80,GO,16.31,7.02,2.323,FALLING,FLAT,CONTANGO,0.158,34,32969.799999999996,-9534.0,WING_STOP,False,0,—,-9534.0,33.0,30,20,4
2025-10-08,80,GO,17.0,8.85,1.921,STABLE,FLAT,CONTANGO,0.187,35,32728.500000000004,7441.0,TIME_STOP,True,48355.0,ADD_TARGET,55796.0,32.7,30,20,4
2025-10-09,80,GO,16.8,9.33,1.801,STABLE,FLAT,CONTANGO,0.373,35,33019.0,51716.0,TARGET,True,52204.0,ADD_BLOCKED (FLAT/RISING),103920.0,33.0,30,20,4
2025-10-10,80,GO,16.32,10.61,1.538,STABLE,FLAT,CONTANGO,0.325,34,32915.399999999994,-14831.0,WING_STOP,False,0,—,-14831.0,32.9,30,20,4
2025-10-13,72,GO,19.52,19.17,1.018,FALLING,FLAT,FLAT,0.516,40,33164.0,61036.0,TARGET,True,102831.0,ADD2_TARGET,163867.0,33.2,20,14,12
2025-10-14,58,GO,21.77,18.7,1.164,FALLING,FLAT,FLAT,0.718,44,33145.200000000004,-5166.0,WING_STOP,False,0,—,-5166.0,33.1,20,0,12
2025-10-15,57,SKIP,19.41,14.52,1.337,RISING,FLAT,CONTANGO,0.373,0,0,0,ENV_BLOCK,False,0,—,0,0,7,20,4
2025-10-16,80,GO,20.6,14.86,1.386,STABLE,FLAT,FLAT,0.291,42,32873.4,-6686.0,WING_STOP,False,0,—,-6686.0,32.9,22,20,12
2025-10-17,62,SKIP,24.5,25.3,0.968,STABLE,FLAT,FLAT,0.646,0,0,0,VP_SKIP,False,0,—,0,0,10,14,12
2025-10-20,73,SKIP,19.45,8.05,2.416,RISING,FLAT,FLAT,0.397,0,0,0,ENV_BLOCK,False,0,—,0,0,15,20,12
2025-10-21,88,GO,18.86,11.13,1.695,STABLE,FLAT,FLAT,0.25,39,33021.3,59393.0,TARGET,True,50522.0,ADD_TARGET,109915.0,33.0,30,20,12
2025-10-22,88,GO,18.44,8.98,2.054,FALLING,FLAT,FLAT,0.221,38,32851.0,-13406.0,WING_STOP,False,0,—,-13406.0,32.9,30,20,12
2025-10-23,67,SKIP,18.36,10.5,1.748,RISING,FLAT,FLAT,0.442,0,0,0,ENV_BLOCK,False,0,—,0,0,15,14,12
2025-10-24,59,SKIP,16.46,10.06,1.635,RISING,FLAT,CONTANGO,0.409,0,0,0,ENV_BLOCK,False,0,—,0,0,15,14,4
2025-10-27,72,GO,15.74,9.22,1.707,FALLING,FLAT,CONTANGO,0.181,33,32580.899999999998,46480.0,TARGET,False,0,—,46480.0,32.6,30,20,4
2025-10-28,73,SKIP,16.21,9.91,1.636,RISING,FLAT,FLAT,0.346,0,0,0,ENV_BLOCK,False,0,—,0,0,15,20,12
2025-10-29,88,GO,16.86,6.16,2.737,STABLE,FLAT,FLAT,0.217,36,33030.00000000001,-4590.0,WING_STOP,False,0,—,-4590.0,33.0,30,20,12
2025-10-30,49,WAIT,16.62,15.88,1.047,STABLE,RISING,CONTANGO,0.668,0,0,0,NO_TRADE,False,0,—,0,0,15,4,4
2025-10-31,74,GO,16.81,9.57,1.757,STABLE,FLAT,CONTANGO,0.422,35,32490.5,-4994.0,WING_STOP,False,0,—,-4994.0,32.5,30,14,4
2025-11-03,59,SKIP,18.14,9.23,1.965,RISING,FLAT,CONTANGO,0.593,0,0,0,ENV_BLOCK,False,0,—,0,0,15,14,4
2025-11-04,54,WAIT,18.26,16.14,1.131,FALLING,RISING,CONTANGO,0.634,0,0,0,NO_TRADE,False,0,—,0,0,20,4,4
2025-11-05,71,GO,18.24,13.45,1.356,FALLING,FLAT,CONTANGO,0.501,38,32919.4,29078.0,TIME_STOP,True,78963.0,ADD2_TARGET,108041.0,32.9,27,14,4
2025-11-06,59,GO,19.09,16.95,1.126,STABLE,FLAT,CONTANGO,0.623,39,32510.4,-8802.0,WING_STOP,False,0,—,-8802.0,32.5,15,14,4
2025-11-07,62,SKIP,21.03,23.72,0.886,STABLE,FLAT,FLAT,0.511,0,0,0,VP_SKIP,False,0,—,0,0,10,14,12
2025-11-10,59,SKIP,18.07,9.86,1.833,RISING,FLAT,CONTANGO,0.404,0,0,0,ENV_BLOCK,False,0,—,0,0,15,14,4
2025-11-11,65,SKIP,17.56,9.35,1.878,RISING,FLAT,CONTANGO,0.217,0,0,0,ENV_BLOCK,False,0,—,0,0,15,20,4
2025-11-12,57,SKIP,17.48,12.13,1.441,RISING,FLAT,CONTANGO,0.278,0,0,0,ENV_BLOCK,False,0,—,0,0,7,20,4
2025-11-13,66,GO,18.35,14.08,1.303,STABLE,FLAT,CONTANGO,0.462,38,32683.800000000007,-9242.0,WING_STOP,False,0,—,-9242.0,32.7,22,14,4
2025-11-14,53,WAIT,21.72,21.94,0.99,FALLING,RISING,FLAT,0.876,0,0,0,NO_TRADE,False,0,—,0,0,15,0,12
2025-11-17,65,GO,20.37,16.2,1.258,FALLING,FLAT,FLAT,0.743,42,32982.6,-9454.0,WING_STOP,False,0,—,-9454.0,33.0,27,0,12
2025-11-18,46,WAIT,24.95,33.28,0.75,FALLING,FALLING,FLAT,0.841,0,0,0,NO_TRADE,False,0,—,0,0,8,0,12
2025-11-19,68,SKIP,22.45,13.91,1.613,FALLING,RISING,FLAT,0.855,0,0,0,ENV_BLOCK,False,0,—,0,0,30,0,12
2025-11-20,64,GO,19.54,17.52,1.115,FALLING,FLAT,CONTANGO,0.47,40,32595.999999999993,-9492.0,WING_STOP,False,0,—,-9492.0,32.6,20,14,4
2025-11-21,55,SKIP,25.87,30.86,0.838,STABLE,FLAT,FLAT,0.507,0,0,0,VP_SKIP,False,0,—,0,0,3,14,12
2025-11-24,55,SKIP,21.88,25.79,0.848,STABLE,FLAT,FLAT,0.607,0,0,0,VP_SKIP,False,0,—,0,0,3,14,12
2025-11-25,40,WAIT,20.45,21.07,0.971,STABLE,FLAT,CONTANGO,0.817,0,0,0,NO_TRADE,False,0,—,0,0,10,0,4
2025-11-26,80,GO,18.11,11.65,1.554,STABLE,FLAT,CONTANGO,0.389,38,33174.0,-4340.0,WING_STOP,False,0,—,-4340.0,33.2,30,20,4
2025-11-28,80,GO,17.02,9.73,1.749,FALLING,FLAT,CONTANGO,0.195,36,33166.799999999996,6088.0,EXPIRY,True,7210.0,ADD_EXPIRY,13298.0,33.2,30,20,4
2025-12-01,79,GO,17.24,13.35,1.292,FALLING,FLAT,FLAT,0.472,36,32738.399999999998,52762.0,TARGET,True,56544.0,ADD_BLOCKED (FLAT/RISING),109306.0,32.7,27,14,12
2025-12-02,88,GO,16.61,10.56,1.573,STABLE,FLAT,FLAT,0.209,35,32903.5,50081.0,TARGET,True,64005.0,ADD2_TARGET,114086.0,32.9,30,20,12
2025-12-03,85,GO,16.74,13.36,1.253,FALLING,FLAT,FLAT,0.269,35,32738.999999999996,-6716.0,TIME_STOP,True,57129.0,ADD2_TARGET,50413.0,32.7,27,20,12
2025-12-04,70,GO,16.42,15.41,1.065,FALLING,FLAT,CONTANGO,0.382,35,33243.0,50386.0,TARGET,True,11254.0,ADD_TIME_STOP,61640.0,33.2,20,20,4
2025-12-05,72,GO,15.82,7.75,2.041,FALLING,FLAT,CONTANGO,0.258,34,33251.99999999999,49052.0,TARGET,True,43285.0,ADD_TARGET,92337.0,33.3,30,20,4
2025-12-08,88,GO,16.54,7.62,2.172,STABLE,FLAT,FLAT,0.248,35,32938.5,5436.0,TIME_STOP,True,0,ADD_BLOCKED (FLAT/RISING),5436.0,32.9,30,20,12
2025-12-09,88,GO,16.83,8.05,2.09,FALLING,FLAT,FLAT,0.245,35,32452.0,50516.0,TARGET,False,0,—,50516.0,32.5,30,20,12
2025-12-10,88,GO,17.14,11.12,1.542,STABLE,FLAT,FLAT,0.286,36,32871.6,-8093.0,WING_STOP,False,0,—,-8093.0,32.9,30,20,12
2025-12-11,34,SKIP,16.67,14.24,1.17,RISING,FALLING,CONTANGO,0.523,0,0,0,NO_TRADE,False,0,—,0,0,0,4,4
2025-12-12,64,GO,15.11,10.86,1.391,STABLE,FLAT,CONTANGO,0.283,32,32688.0,-11770.0,WING_STOP,False,0,—,-11770.0,32.7,22,20,4
2025-12-15,71,GO,16.67,13.45,1.239,FALLING,FLAT,CONTANGO,0.522,35,32823.0,50498.0,TARGET,True,112907.0,ADD2_TARGET,163405.0,32.8,27,14,4
2025-12-16,47,WAIT,16.59,20.0,0.829,STABLE,FLAT,CONTANGO,0.492,0,0,0,NO_TRADE,False,0,—,0,0,3,14,4
2025-12-17,59,GO,16.32,15.22,1.073,STABLE,FLAT,CONTANGO,0.405,34,32701.2,-12692.0,WING_STOP,False,0,—,-12692.0,32.7,15,14,4
2025-12-18,59,GO,16.49,14.36,1.149,STABLE,FLAT,CONTANGO,0.451,34,32429.2,51762.0,TARGET,True,43661.0,ADD2_TARGET,95423.0,32.4,15,14,4
2025-12-19,56,GO,15.35,13.35,1.15,FALLING,FLAT,CONTANGO,0.607,32,32470.4,45152.0,TARGET,False,0,—,45152.0,32.5,20,14,4
2025-12-22,69,GO,14.57,10.43,1.397,FALLING,FLAT,CONTANGO,0.224,31,32807.299999999996,42526.0,TARGET,False,0,—,42526.0,32.8,27,20,4
2025-12-23,72,GO,14.06,9.18,1.532,FALLING,FLAT,CONTANGO,0.335,30,32762.999999999996,2520.0,TIME_STOP,True,33264.0,ADD_TARGET,35784.0,32.8,30,20,4
2025-12-24,72,GO,13.8,5.32,2.593,FALLING,FLAT,CONTANGO,0.164,30,33195.0,7827.0,EXPIRY,True,0,ADD_BLOCKED (FLAT/RISING),7827.0,33.2,30,20,4
2025-12-26,72,GO,14.19,7.94,1.786,STABLE,FLAT,CONTANGO,0.192,30,32267.999999999996,41388.0,TARGET,False,0,—,41388.0,32.3,30,20,4
2025-12-29,62,GO,14.78,12.82,1.152,FALLING,FLAT,CONTANGO,0.329,32,33270.4,44970.0,TARGET,True,37376.0,ADD2_TARGET,82346.0,33.3,20,20,4
2025-12-30,57,SKIP,14.2,8.95,1.586,RISING,FLAT,CONTANGO,0.241,0,0,0,ENV_BLOCK,False,0,—,0,0,15,20,4
2025-12-31,72,GO,14.65,7.86,1.864,STABLE,FLAT,CONTANGO,0.312,31,32587.2,2437.0,TIME_STOP,True,33140.0,ADD2_TIME_STOP,35577.0,32.6,30,20,4
2026-01-02,45,WAIT,14.63,18.06,0.81,STABLE,FLAT,CONTANGO,0.387,0,0,0,NO_TRADE,False,0,—,0,0,3,20,4
2026-01-05,57,SKIP,14.93,9.59,1.556,RISING,FLAT,CONTANGO,0.2,0,0,0,ENV_BLOCK,False,0,—,0,0,15,20,4
2026-01-06,72,GO,14.66,6.8,2.157,STABLE,FLAT,CONTANGO,0.366,31,32379.5,24099.0,TIME_STOP,True,19806.0,ADD_TARGET,43905.0,32.4,30,20,4
2026-01-07,72,GO,15.14,8.71,1.739,STABLE,FLAT,CONTANGO,0.211,32,32345.600000000002,44704.0,TARGET,True,-19942.0,ADD2_TIME_STOP,24762.0,32.3,30,20,4
2026-01-08,57,GO,15.62,13.14,1.189,STABLE,FLAT,CONTANGO,0.269,33,32587.5,46850.0,TARGET,True,48685.0,ADD_TARGET,95535.0,32.6,15,20,4
2026-01-09,42,WAIT,15.53,13.28,1.169,RISING,FLAT,CONTANGO,0.309,0,0,0,NO_TRADE,False,0,—,0,0,0,20,4
2026-01-12,66,GO,15.47,9.46,1.635,FALLING,FLAT,CONTANGO,0.444,33,32600.7,46913.0,TARGET,False,0,—,46913.0,32.6,30,14,4
2026-01-13,64,GO,15.47,11.53,1.342,STABLE,FLAT,CONTANGO,0.276,33,32613.899999999998,27581.0,TIME_STOP,True,73565.0,ADD2_TIME_STOP,101146.0,32.6,22,20,4
2026-01-14,59,SKIP,17.92,19.25,0.931,FALLING,FLAT,CONTANGO,0.557,0,0,0,VP_SKIP,False,0,—,0,0,15,14,4
2026-01-15,57,SKIP,15.7,9.92,1.583,RISING,FLAT,CONTANGO,0.222,0,0,0,ENV_BLOCK,False,0,—,0,0,15,20,4
2026-01-16,72,GO,15.95,8.64,1.846,FALLING,FLAT,CONTANGO,0.362,34,32745.4,48236.0,TARGET,True,89611.0,ADD2_TARGET,137847.0,32.7,30,20,4
2026-01-20,72,GO,19.84,18.2,1.09,FALLING,FLAT,FLAT,0.4,41,32558.100000000002,-90.0,WING_STOP,False,0,—,-90.0,32.6,20,14,12
2026-01-21,79,GO,17.98,14.65,1.227,FALLING,FLAT,FLAT,0.596,38,33136.00000000001,-4013.0,WING_STOP,False,0,—,-4013.0,33.1,27,14,12
2026-01-22,66,GO,16.31,13.57,1.202,STABLE,FLAT,CONTANGO,0.487,35,33190.5,49959.0,TARGET,True,41337.0,ADD_TARGET,91296.0,33.2,22,14,4
2026-01-23,69,GO,15.77,11.77,1.34,FALLING,FLAT,CONTANGO,0.275,34,33265.600000000006,48865.0,TARGET,True,74685.0,ADD2_TARGET,123550.0,33.3,27,20,4
2026-01-26,79,GO,16.18,11.26,1.436,FALLING,FLAT,FLAT,0.411,35,33271.0,50050.0,TARGET,True,35173.0,ADD_TARGET,85223.0,33.3,27,14,12
2026-01-27,72,GO,15.94,7.24,2.201,FALLING,FLAT,CONTANGO,0.282,34,32643.400000000005,48280.0,TARGET,False,0,—,48280.0,32.6,30,20,4
2026-01-28,80,GO,16.62,8.13,2.044,STABLE,FLAT,CONTANGO,0.122,36,33141.6,52567.0,TARGET,True,50824.0,ADD_TARGET,103391.0,33.1,30,20,4
2026-01-29,38,WAIT,18.83,17.66,1.066,RISING,FLAT,FLAT,0.938,0,0,0,NO_TRADE,False,0,—,0,0,0,0,12
2026-01-30,65,SKIP,17.39,18.45,0.943,FALLING,FLAT,CONTANGO,0.359,0,0,0,VP_SKIP,False,0,—,0,0,15,20,4
2026-02-02,67,GO,17.48,15.26,1.145,STABLE,FLAT,FLAT,0.665,37,32667.300000000003,-2139.0,WING_STOP,False,0,—,-2139.0,32.7,15,14,12
2026-02-03,66,GO,17.1,12.95,1.321,STABLE,FLAT,CONTANGO,0.612,36,32436.0,-9490.0,WING_STOP,False,0,—,-9490.0,32.4,22,14,4
2026-02-04,52,WAIT,18.87,24.98,0.755,RISING,FLAT,FLAT,0.623,0,0,0,NO_TRADE,False,0,—,0,0,0,14,12
2026-02-05,61,SKIP,21.47,23.9,0.898,FALLING,FLAT,INVERTED,0.745,0,0,0,VP_SKIP,False,0,—,0,0,15,0,20
2026-02-06,46,WAIT,19.13,23.38,0.818,FALLING,FLAT,FLAT,1.033,0,0,0,NO_TRADE,False,0,—,0,0,8,0,12
2026-02-09,59,GO,18.13,15.39,1.178,STABLE,FLAT,CONTANGO,0.472,38,32524.2,-5483.0,WING_STOP,False,0,—,-5483.0,32.5,15,14,4
2026-02-10,77,GO,17.29,13.0,1.33,FALLING,FLAT,CONTANGO,0.356,37,32870.8,22633.0,TIME_STOP,True,82158.0,ADD2_TARGET,104791.0,32.9,27,20,4
2026-02-11,66,GO,17.41,13.53,1.287,STABLE,FLAT,CONTANGO,0.489,37,32752.4,-12691.0,WING_STOP,False,0,—,-12691.0,32.8,22,14,4
2026-02-12,66,GO,17.76,12.99,1.368,STABLE,FLAT,CONTANGO,0.44,38,33052.4,-10511.0,WING_STOP,False,0,—,-10511.0,33.1,22,14,4
2026-02-13,41,WAIT,21.8,37.79,0.577,STABLE,FLAT,FLAT,0.764,0,0,0,NO_TRADE,False,0,—,0,0,3,0,12
2026-02-17,49,WAIT,22.69,26.83,0.846,STABLE,FALLING,INVERTED,0.95,0,0,0,NO_TRADE,False,0,—,0,0,3,0,20
2026-02-18,67,GO,19.26,17.58,1.096,STABLE,FLAT,FLAT,0.504,41,33333.00000000001,59905.0,TIME_STOP,True,0,ADD_BLOCKED (RISING/STABLE),59905.0,33.3,15,14,12
